Province/State,Country/Region,Last Update,Confirmed,Deaths,Recovered
Hubei,Mainland China,2020-02-02T23:43:02,11177,350,295
Zhejiang,Mainland China,2020-02-02T18:03:05,661,0,32
Guangdong,Mainland China,2020-02-02T18:03:05,632,0,15
Henan,Mainland China,2020-02-02T18:03:05,493,2,10
Hunan,Mainland China,2020-02-02T18:03:05,463,0,16
Anhui,Mainland China,2020-02-02T18:03:05,340,0,7
Jiangxi,Mainland China,2020-02-02T18:03:05,333,0,12
Chongqing,Mainland China,2020-02-02T23:33:02,300,2,7
Jiangsu,Mainland China,2020-02-02T18:03:05,236,0,7
Sichuan,Mainland China,2020-02-02T18:03:05,231,1,11
Shandong,Mainland China,2020-02-02T18:03:05,230,0,6
Beijing,Mainland China,2020-02-02T08:43:02,191,1,9
Shanghai,Mainland China,2020-02-02T05:53:02,182,1,10
Fujian,Mainland China,2020-02-02T03:43:01,159,0,0
Shaanxi,Mainland China,2020-02-02T03:23:14,116,0,0
Guangxi,Mainland China,2020-02-02T00:23:13,111,0,2
Yunnan,Mainland China,2020-02-02T18:03:05,105,0,3
Hebei,Mainland China,2020-02-02T02:53:02,104,1,3
Heilongjiang,Mainland China,2020-02-02T03:23:14,95,2,2
Liaoning,Mainland China,2020-02-02T18:03:05,70,0,1
Shanxi,Mainland China,2020-02-02T23:23:13,66,0,3
Hainan,Mainland China,2020-02-02T18:03:05,64,1,4
Gansu,Mainland China,2020-02-02T23:43:02,51,0,3
Tianjin,Mainland China,2020-02-02T09:43:01,48,0,1
Guizhou,Mainland China,2020-02-02T01:03:32,38,0,2
Ningxia,Mainland China,2020-02-02T01:43:02,28,0,0
Inner Mongolia,Mainland China,2020-02-02T03:43:01,27,0,1
Jilin,Mainland China,2020-02-02T02:33:02,23,0,1
Xinjiang,Mainland China,2020-02-02T00:43:02,21,0,0
,Japan,2020-02-01T18:53:03,20,0,1
,Thailand,2020-01-31T10:37:00,19,0,5
,Singapore,2020-02-02T01:03:32,18,0,0
Hong Kong,Hong Kong,2020-02-02T23:53:02,15,0,0
,South Korea,2020-02-02T02:23:13,15,0,0
Qinghai,Mainland China,2020-02-02T05:33:03,11,0,0
,Germany,2020-02-02T18:03:05,10,0,0
Taiwan,Taiwan,2020-01-31T15:20:56,10,0,0
Macau,Macau,2020-02-02T04:23:14,8,0,0
,Malaysia,2020-01-31T08:15:53,8,0,0
,France,2020-02-01T01:52:40,6,0,0
,Vietnam,2020-02-01T07:38:12,6,0,1
,United Arab Emirates,2020-02-02T05:43:01,5,0,0
New South Wales,Australia,2020-02-01T18:12:49,4,0,2
Victoria,Australia,2020-02-01T18:12:49,4,0,0
Ontario,Canada,2020-02-01T18:12:49,3,0,0
Queensland,Australia,2020-02-02T22:33:07,2,0,0
South Australia,Australia,2020-02-02T22:33:07,2,0,0
,India,2020-02-02T06:03:08,2,0,0
,Italy,2020-01-31T08:15:53,2,0,0
,Philippines,2020-02-02T03:33:07,2,1,0
,Russia,2020-01-31T16:13:45,2,0,0
,UK,2020-02-01T01:52:40,2,0,0
"Chicago, IL",US,2020-02-01T19:43:03,2,0,0
,Cambodia,2020-01-31T08:15:53,1,0,0
British Columbia,Canada,2020-02-01T18:12:49,1,0,0
,Finland,2020-01-31T08:15:53,1,0,0
Tibet,Mainland China,2020-02-01T01:52:40,1,0,0
,Nepal,2020-01-31T08:15:53,1,0,0
,Spain,2020-02-01T23:43:02,1,0,0
,Sri Lanka,2020-01-31T08:15:53,1,0,0
,Sweden,2020-02-01T02:13:26,1,0,0
"Boston, MA",US,2020-02-01T19:43:03,1,0,0
"Los Angeles, CA",US,2020-02-01T19:53:03,1,0,0
"Orange, CA",US,2020-02-01T19:53:03,1,0,0
"Santa Clara, CA",US,2020-02-01T19:53:03,1,0,0
"Seattle, WA",US,2020-02-01T19:43:03,1,0,0
"Tempe, AZ",US,2020-02-01T19:43:03,1,0,0
Province/State,Country/Region,Last Update,Confirmed,Deaths,Recovered
Hubei,Mainland China,2020-02-03T23:23:03,13522,414,386
Guangdong,Mainland China,2020-02-03T12:53:02,725,0,21
Zhejiang,Mainland China,2020-02-03T13:33:02,724,0,43
Henan,Mainland China,2020-02-03T17:11:34,566,2,16
Hunan,Mainland China,2020-02-03T11:03:10,521,0,22
Anhui,Mainland China,2020-02-03T17:11:34,408,0,14
Jiangxi,Mainland China,2020-02-03T01:33:02,391,0,18
Chongqing,Mainland China,2020-02-03T23:43:02,337,2,9
Jiangsu,Mainland China,2020-02-03T11:03:10,271,0,8
Shandong,Mainland China,2020-02-03T17:11:34,259,0,7
Sichuan,Mainland China,2020-02-03T11:23:23,254,1,14
Beijing,Mainland China,2020-02-03T09:23:05,212,1,12
Shanghai,Mainland China,2020-02-03T07:03:12,203,1,10
Fujian,Mainland China,2020-02-03T11:33:13,179,0,1
Shaanxi,Mainland China,2020-02-03T02:33:02,128,0,0
Guangxi,Mainland China,2020-02-03T12:33:02,127,0,7
Heilongjiang,Mainland China,2020-02-03T07:13:19,121,2,2
Yunnan,Mainland China,2020-02-03T23:23:03,117,0,5
Hebei,Mainland China,2020-02-03T00:23:14,113,1,3
Liaoning,Mainland China,2020-02-03T17:11:34,74,0,1
Shanxi,Mainland China,2020-02-03T23:13:11,74,0,2
Hainan,Mainland China,2020-02-03T17:11:34,72,1,4
Tianjin,Mainland China,2020-02-03T13:53:03,60,0,1
Gansu,Mainland China,2020-02-03T23:03:08,55,0,3
Guizhou,Mainland China,2020-02-03T01:03:22,46,0,2
Inner Mongolia,Mainland China,2020-02-03T03:03:09,34,0,1
Jilin,Mainland China,2020-02-03T00:53:03,31,0,1
Ningxia,Mainland China,2020-02-03T08:33:03,31,0,1
Xinjiang,Mainland China,2020-02-03T01:13:21,24,0,0
,Japan,2020-02-01T18:53:03,20,0,1
,Thailand,2020-01-31T10:37:00,19,0,5
,Singapore,2020-02-02T01:03:32,18,0,0
Hong Kong,Hong Kong,2020-02-02T23:53:02,15,0,0
,South Korea,2020-02-02T02:23:13,15,0,0
Qinghai,Mainland China,2020-02-03T02:43:01,13,0,0
,Germany,2020-02-03T20:53:02,12,0,0
Taiwan,Taiwan,2020-01-31T15:20:56,10,0,0
Macau,Macau,2020-02-02T04:23:14,8,0,0
,Malaysia,2020-01-31T08:15:53,8,0,0
,Vietnam,2020-02-03T21:43:02,8,0,1
,France,2020-02-01T01:52:40,6,0,0
,United Arab Emirates,2020-02-02T05:43:01,5,0,0
New South Wales,Australia,2020-02-01T18:12:49,4,0,2
Victoria,Australia,2020-02-01T18:12:49,4,0,0
Ontario,Canada,2020-02-01T18:12:49,3,0,0
,India,2020-02-03T21:43:02,3,0,0
Queensland,Australia,2020-02-02T22:33:07,2,0,0
South Australia,Australia,2020-02-02T22:33:07,2,0,0
,Italy,2020-01-31T08:15:53,2,0,0
,Philippines,2020-02-02T03:33:07,2,1,0
,Russia,2020-01-31T16:13:45,2,0,0
,UK,2020-02-01T01:52:40,2,0,0
"Chicago, IL",US,2020-02-01T19:43:03,2,0,0
"San Benito, CA",US,2020-02-03T03:53:02,2,0,0
"Santa Clara, CA",US,2020-02-03T00:43:02,2,0,0
,Cambodia,2020-01-31T08:15:53,1,0,0
British Columbia,Canada,2020-02-01T18:12:49,1,0,0
,Finland,2020-01-31T08:15:53,1,0,0
Tibet,Mainland China,2020-02-01T01:52:40,1,0,0
,Nepal,2020-01-31T08:15:53,1,0,0
,Spain,2020-02-01T23:43:02,1,0,0
,Sri Lanka,2020-01-31T08:15:53,1,0,0
,Sweden,2020-02-01T02:13:26,1,0,0
"Boston, MA",US,2020-02-01T19:43:03,1,0,0
"Los Angeles, CA",US,2020-02-01T19:53:03,1,0,0
"Orange, CA",US,2020-02-01T19:53:03,1,0,0
"Seattle, WA",US,2020-02-01T19:43:03,1,0,0
"Tempe, AZ",US,2020-02-01T19:43:03,1,0,0
Province/State,Country/Region,Last Update,Confirmed,Deaths,Recovered
Hubei,Mainland China,2020-02-04T23:43:01,16678,479,522
Zhejiang,Mainland China,2020-02-04T13:03:07,829,0,62
Guangdong,Mainland China,2020-02-04T13:03:07,813,0,30
Henan,Mainland China,2020-02-04T11:53:02,675,2,27
Hunan,Mainland China,2020-02-04T14:03:03,593,0,31
Anhui,Mainland China,2020-02-04T05:33:01,480,0,20
Jiangxi,Mainland China,2020-02-04T14:43:02,476,0,20
Chongqing,Mainland China,2020-02-04T23:43:01,366,2,9
Jiangsu,Mainland China,2020-02-04T11:53:02,308,0,12
Sichuan,Mainland China,2020-02-04T01:43:02,282,1,14
Shandong,Mainland China,2020-02-04T12:03:04,275,0,11
Beijing,Mainland China,2020-02-04T08:33:01,228,1,23
Shanghai,Mainland China,2020-02-04T06:33:02,219,1,12
Fujian,Mainland China,2020-02-04T12:13:11,194,0,3
Heilongjiang,Mainland China,2020-02-04T07:43:01,155,2,4
Shaanxi,Mainland China,2020-02-04T12:33:02,142,0,2
Guangxi,Mainland China,2020-02-04T05:53:01,139,0,10
Hebei,Mainland China,2020-02-04T08:53:01,126,1,4
Yunnan,Mainland China,2020-02-04T23:23:02,122,0,5
Liaoning,Mainland China,2020-02-04T14:13:08,81,0,2
Shanxi,Mainland China,2020-02-04T23:23:02,81,0,4
Hainan,Mainland China,2020-02-04T11:33:03,80,1,5
Tianjin,Mainland China,2020-02-04T13:33:02,67,0,2
Guizhou,Mainland China,2020-02-04T10:43:02,58,0,2
Gansu,Mainland China,2020-02-04T15:43:02,57,0,4
Jilin,Mainland China,2020-02-04T00:23:05,42,0,1
Inner Mongolia,Mainland China,2020-02-04T03:03:07,35,0,1
Ningxia,Mainland China,2020-02-04T02:13:18,34,0,1
Xinjiang,Mainland China,2020-02-04T01:33:01,29,0,0
,Thailand,2020-02-04T15:33:03,25,0,5
,Singapore,2020-02-04T15:33:03,24,0,0
,Japan,2020-02-04T16:43:03,22,0,1
Hong Kong,Hong Kong,2020-02-04T09:03:02,17,1,0
,South Korea,2020-02-04T15:33:03,16,0,0
Qinghai,Mainland China,2020-02-04T01:33:01,15,0,0
,Germany,2020-02-03T20:53:02,12,0,0
Taiwan,Taiwan,2020-02-04T14:53:02,11,0,0
Macau,Macau,2020-02-04T04:43:02,10,0,0
,Malaysia,2020-02-04T07:33:02,10,0,0
,Vietnam,2020-02-03T21:43:02,8,0,1
,France,2020-02-01T01:52:40,6,0,0
,United Arab Emirates,2020-02-02T05:43:01,5,0,0
New South Wales,Australia,2020-02-01T18:12:49,4,0,2
Victoria,Australia,2020-02-01T18:12:49,4,0,0
Queensland,Australia,2020-02-04T16:53:03,3,0,0
,India,2020-02-03T21:43:02,3,0,0
South Australia,Australia,2020-02-02T22:33:07,2,0,0
"Toronto, ON",Canada,2020-02-04T00:13:06,2,0,0
,Italy,2020-01-31T08:15:53,2,0,0
,Philippines,2020-02-02T03:33:07,2,1,0
,Russia,2020-01-31T16:13:45,2,0,0
,UK,2020-02-01T01:52:40,2,0,0
"Chicago, IL",US,2020-02-01T19:43:03,2,0,0
"San Benito, CA",US,2020-02-03T03:53:02,2,0,0
"Santa Clara, CA",US,2020-02-03T00:43:02,2,0,0
,Belgium,2020-02-04T15:43:02,1,0,0
,Cambodia,2020-01-31T08:15:53,1,0,0
British Columbia,Canada,2020-02-01T18:12:49,1,0,0
"London, ON",Canada,2020-02-04T00:03:11,1,0,0
,Finland,2020-01-31T08:15:53,1,0,0
Tibet,Mainland China,2020-02-01T01:52:40,1,0,0
,Nepal,2020-01-31T08:15:53,1,0,0
,Spain,2020-02-01T23:43:02,1,0,0
,Sri Lanka,2020-01-31T08:15:53,1,0,0
,Sweden,2020-02-01T02:13:26,1,0,0
"Boston, MA",US,2020-02-01T19:43:03,1,0,0
"Los Angeles, CA",US,2020-02-01T19:53:03,1,0,0
"Orange, CA",US,2020-02-01T19:53:03,1,0,0
"Seattle, WA",US,2020-02-01T19:43:03,1,0,0
"Tempe, AZ",US,2020-02-01T19:43:03,1,0,0
Province/State,Country/Region,Last Update,Confirmed,Deaths,Recovered
Hubei,Mainland China,2020-02-05T23:13:12,19665,549,633
Guangdong,Mainland China,2020-02-05T13:23:04,895,0,49
Zhejiang,Mainland China,2020-02-05T15:13:02,895,0,78
Henan,Mainland China,2020-02-05T15:03:02,764,2,47
Hunan,Mainland China,2020-02-05T15:23:02,661,0,54
Jiangxi,Mainland China,2020-02-05T01:33:07,548,0,27
Anhui,Mainland China,2020-02-05T13:43:02,530,0,23
Chongqing,Mainland China,2020-02-05T23:43:02,389,2,15
Jiangsu,Mainland China,2020-02-05T12:43:02,341,0,23
Shandong,Mainland China,2020-02-05T10:13:13,307,0,15
Sichuan,Mainland China,2020-02-05T10:13:13,301,1,24
Beijing,Mainland China,2020-02-05T05:43:02,253,1,24
Shanghai,Mainland China,2020-02-05T06:23:04,243,1,15
Fujian,Mainland China,2020-02-05T12:33:01,205,0,11
Heilongjiang,Mainland China,2020-02-05T12:13:04,190,2,7
Shaanxi,Mainland China,2020-02-05T08:43:01,165,0,6
Guangxi,Mainland China,2020-02-05T12:03:08,150,0,13
Hebei,Mainland China,2020-02-05T11:23:18,135,1,6
Yunnan,Mainland China,2020-02-05T23:33:02,128,0,5
Hainan,Mainland China,2020-02-05T16:43:04,99,1,5
Liaoning,Mainland China,2020-02-05T15:23:02,89,0,4
Shanxi,Mainland China,2020-02-05T15:23:02,81,0,5
Tianjin,Mainland China,2020-02-05T03:43:02,69,1,2
Guizhou,Mainland China,2020-02-05T12:33:02,64,1,9
Gansu,Mainland China,2020-02-05T16:23:06,62,0,6
Jilin,Mainland China,2020-02-05T11:03:16,54,0,2
Inner Mongolia,Mainland China,2020-02-05T08:53:02,42,0,3
Ningxia,Mainland China,2020-02-04T02:13:18,34,0,1
Xinjiang,Mainland China,2020-02-05T02:03:13,32,0,0
,Singapore,2020-02-05T16:33:03,28,0,0
,Thailand,2020-02-04T15:33:03,25,0,5
,Japan,2020-02-04T16:43:03,22,0,1
Hong Kong,Hong Kong,2020-02-05T13:13:10,21,1,0
,South Korea,2020-02-05T15:33:01,19,0,0
Qinghai,Mainland China,2020-02-05T03:13:05,17,0,3
,Germany,2020-02-03T20:53:02,12,0,0
,Malaysia,2020-02-05T15:43:02,12,0,0
Taiwan,Taiwan,2020-02-04T14:53:02,11,0,0
Macau,Macau,2020-02-04T04:43:02,10,0,0
,Vietnam,2020-02-03T21:43:02,8,0,1
,France,2020-02-01T01:52:40,6,0,0
,United Arab Emirates,2020-02-02T05:43:01,5,0,0
New South Wales,Australia,2020-02-01T18:12:49,4,0,2
Victoria,Australia,2020-02-01T18:12:49,4,0,0
Queensland,Australia,2020-02-04T16:53:03,3,0,0
,India,2020-02-03T21:43:02,3,0,0
South Australia,Australia,2020-02-02T22:33:07,2,0,0
British Columbia,Canada,2020-02-05T17:33:03,2,0,0
"Toronto, ON",Canada,2020-02-04T00:13:06,2,0,0
,Italy,2020-01-31T08:15:53,2,0,0
,Philippines,2020-02-02T03:33:07,2,1,0
,Russia,2020-01-31T16:13:45,2,0,0
,UK,2020-02-01T01:52:40,2,0,0
"Chicago, IL",US,2020-02-01T19:43:03,2,0,0
"San Benito, CA",US,2020-02-03T03:53:02,2,0,0
"Santa Clara, CA",US,2020-02-03T00:43:02,2,0,0
,Belgium,2020-02-04T15:43:02,1,0,0
,Cambodia,2020-01-31T08:15:53,1,0,0
"London, ON",Canada,2020-02-04T00:03:11,1,0,0
,Finland,2020-01-31T08:15:53,1,0,0
Tibet,Mainland China,2020-02-01T01:52:40,1,0,0
,Nepal,2020-01-31T08:15:53,1,0,0
,Spain,2020-02-01T23:43:02,1,0,0
,Sri Lanka,2020-01-31T08:15:53,1,0,0
,Sweden,2020-02-01T02:13:26,1,0,0
"Boston, MA",US,2020-02-01T19:43:03,1,0,0
"Los Angeles, CA",US,2020-02-01T19:53:03,1,0,0
"Madison, WI",US,2020-02-05T21:53:02,1,0,0
"Orange, CA",US,2020-02-01T19:53:03,1,0,0
"Seattle, WA",US,2020-02-01T19:43:03,1,0,0
"Tempe, AZ",US,2020-02-01T19:43:03,1,0,0
Province/State,Country/Region,Last Update,Confirmed,Deaths,Recovered
Hubei,Mainland China,2020-02-06T23:23:02,22112,618,817
Guangdong,Mainland China,2020-02-06T12:43:02,970,0,69
Zhejiang,Mainland China,2020-02-06T10:53:04,954,0,94
Henan,Mainland China,2020-02-06T11:23:14,851,2,56
Hunan,Mainland China,2020-02-06T13:13:06,711,0,81
Jiangxi,Mainland China,2020-02-06T02:33:01,600,0,37
Anhui,Mainland China,2020-02-06T13:33:02,591,0,34
Chongqing,Mainland China,2020-02-06T23:33:02,411,2,24
Jiangsu,Mainland China,2020-02-06T08:03:10,373,0,34
Shandong,Mainland China,2020-02-06T07:53:02,347,0,27
Sichuan,Mainland China,2020-02-06T08:03:10,321,1,31
Beijing,Mainland China,2020-02-06T03:23:11,274,1,31
Shanghai,Mainland China,2020-02-06T06:53:07,257,1,25
Heilongjiang,Mainland China,2020-02-06T08:13:06,227,3,8
Fujian,Mainland China,2020-02-06T11:03:19,215,0,14
Shaanxi,Mainland China,2020-02-06T13:53:02,173,0,9
Guangxi,Mainland China,2020-02-06T04:13:13,168,0,14
Hebei,Mainland China,2020-02-06T13:53:02,157,1,13
Yunnan,Mainland China,2020-02-06T09:43:02,133,0,7
Hainan,Mainland China,2020-02-06T11:13:24,106,1,8
Shanxi,Mainland China,2020-02-06T23:03:02,96,0,12
Liaoning,Mainland China,2020-02-06T14:33:02,94,0,5
Tianjin,Mainland China,2020-02-06T23:43:01,79,1,2
Guizhou,Mainland China,2020-02-06T09:53:02,71,1,6
Gansu,Mainland China,2020-02-05T16:23:06,62,0,6
Jilin,Mainland China,2020-02-06T14:23:04,59,0,4
Inner Mongolia,Mainland China,2020-02-06T02:23:08,46,0,4
,Japan,2020-02-06T02:53:03,45,0,1
Ningxia,Mainland China,2020-02-06T02:13:15,40,0,1
Xinjiang,Mainland China,2020-02-06T01:13:08,36,0,0
,Singapore,2020-02-05T16:33:03,28,0,0
,Thailand,2020-02-04T15:33:03,25,0,5
Hong Kong,Hong Kong,2020-02-06T14:43:02,24,1,0
,South Korea,2020-02-06T02:53:03,23,0,0
Qinghai,Mainland China,2020-02-06T02:13:15,18,0,3
Taiwan,Taiwan,2020-02-06T15:03:04,16,0,1
,Germany,2020-02-03T20:53:02,12,0,0
,Malaysia,2020-02-05T15:43:02,12,0,0
Macau,Macau,2020-02-06T14:23:04,10,0,1
,Vietnam,2020-02-06T01:13:08,10,0,1
,France,2020-02-01T01:52:40,6,0,0
,United Arab Emirates,2020-02-02T05:43:01,5,0,0
New South Wales,Australia,2020-02-06T03:13:22,4,0,2
Queensland,Australia,2020-02-06T02:53:03,4,0,0
Victoria,Australia,2020-02-01T18:12:49,4,0,0
,India,2020-02-03T21:43:02,3,0,0
South Australia,Australia,2020-02-02T22:33:07,2,0,0
British Columbia,Canada,2020-02-05T17:33:03,2,0,0
"Toronto, ON",Canada,2020-02-04T00:13:06,2,0,0
,Italy,2020-01-31T08:15:53,2,0,0
,Philippines,2020-02-02T03:33:07,2,1,0
,Russia,2020-01-31T16:13:45,2,0,0
,UK,2020-02-01T01:52:40,2,0,0
"Chicago, IL",US,2020-02-01T19:43:03,2,0,0
"San Benito, CA",US,2020-02-03T03:53:02,2,0,0
"Santa Clara, CA",US,2020-02-03T00:43:02,2,0,0
,Belgium,2020-02-04T15:43:02,1,0,0
,Cambodia,2020-01-31T08:15:53,1,0,0
"London, ON",Canada,2020-02-04T00:03:11,1,0,0
,Finland,2020-01-31T08:15:53,1,0,0
Tibet,Mainland China,2020-02-01T01:52:40,1,0,0
,Nepal,2020-01-31T08:15:53,1,0,0
,Spain,2020-02-01T23:43:02,1,0,0
,Sri Lanka,2020-01-31T08:15:53,1,0,0
,Sweden,2020-02-01T02:13:26,1,0,0
"Boston, MA",US,2020-02-01T19:43:03,1,0,0
"Los Angeles, CA",US,2020-02-01T19:53:03,1,0,0
"Madison, WI",US,2020-02-05T21:53:02,1,0,0
"Orange, CA",US,2020-02-01T19:53:03,1,0,0
"Seattle, WA",US,2020-02-01T19:43:03,1,0,0
"Tempe, AZ",US,2020-02-01T19:43:03,1,0,0
Province/State,Country/Region,Last Update,Confirmed,Deaths,Recovered
Hubei,Mainland China,2020-02-07T23:43:02,24953,699,1115
Guangdong,Mainland China,2020-02-07T10:13:06,1034,1,88
Zhejiang,Mainland China,2020-02-07T11:33:11,1006,0,123
Henan,Mainland China,2020-02-07T14:03:12,914,3,86
Hunan,Mainland China,2020-02-07T11:33:11,772,0,112
Anhui,Mainland China,2020-02-07T05:13:07,665,0,47
Jiangxi,Mainland China,2020-02-07T01:23:02,661,0,45
Chongqing,Mainland China,2020-02-07T23:33:02,426,2,31
Jiangsu,Mainland China,2020-02-07T14:03:12,408,0,43
Shandong,Mainland China,2020-02-07T11:33:11,386,0,37
Sichuan,Mainland China,2020-02-07T08:23:09,344,1,42
Beijing,Mainland China,2020-02-07T03:23:02,297,1,33
Heilongjiang,Mainland China,2020-02-07T07:43:02,277,3,12
Shanghai,Mainland China,2020-02-07T06:14:15,277,1,30
Fujian,Mainland China,2020-02-07T13:23:03,224,0,20
Shaanxi,Mainland China,2020-02-07T08:23:09,184,0,17
Guangxi,Mainland China,2020-02-07T00:33:02,172,0,17
Hebei,Mainland China,2020-02-07T12:03:04,172,1,22
Yunnan,Mainland China,2020-02-07T23:23:04,138,0,12
Hainan,Mainland China,2020-02-07T12:33:02,117,2,10
Shanxi,Mainland China,2020-02-07T23:43:02,104,0,15
Liaoning,Mainland China,2020-02-07T15:33:03,99,0,7
Guizhou,Mainland China,2020-02-07T11:13:07,81,1,6
Tianjin,Mainland China,2020-02-07T05:43:03,81,1,2
Gansu,Mainland China,2020-02-07T02:33:06,67,0,9
Jilin,Mainland China,2020-02-07T00:43:02,65,1,4
Cruise Ship,Others,2020-02-07T16:33:03,61,0,0
Inner Mongolia,Mainland China,2020-02-07T11:13:07,50,0,5
Ningxia,Mainland China,2020-02-07T11:13:07,43,0,5
Xinjiang,Mainland China,2020-02-07T01:43:02,39,0,0
,Singapore,2020-02-07T03:03:03,30,0,0
Hong Kong,Hong Kong,2020-02-07T11:53:02,25,1,0
,Japan,2020-02-07T04:13:20,25,0,1
,Thailand,2020-02-04T15:33:03,25,0,5
,South Korea,2020-02-07T03:03:03,24,0,1
Qinghai,Mainland China,2020-02-06T02:13:15,18,0,3
Taiwan,Taiwan,2020-02-06T15:03:04,16,0,1
,Germany,2020-02-07T16:33:03,13,0,0
,Malaysia,2020-02-07T09:13:21,12,0,1
Macau,Macau,2020-02-06T14:23:04,10,0,1
,Vietnam,2020-02-06T01:13:08,10,0,1
,France,2020-02-01T01:52:40,6,0,0
Queensland,Australia,2020-02-07T01:03:02,5,0,0
,United Arab Emirates,2020-02-02T05:43:01,5,0,0
New South Wales,Australia,2020-02-06T03:13:22,4,0,2
Victoria,Australia,2020-02-01T18:12:49,4,0,0
British Columbia,Canada,2020-02-07T05:43:03,4,0,0
,India,2020-02-03T21:43:02,3,0,0
,Italy,2020-02-07T17:53:02,3,0,0
,Philippines,2020-02-07T16:43:04,3,1,0
,UK,2020-02-07T18:33:02,3,0,0
South Australia,Australia,2020-02-02T22:33:07,2,0,0
"Toronto, ON",Canada,2020-02-04T00:13:06,2,0,0
,Russia,2020-01-31T16:13:45,2,0,0
"Chicago, IL",US,2020-02-01T19:43:03,2,0,0
"San Benito, CA",US,2020-02-03T03:53:02,2,0,0
"Santa Clara, CA",US,2020-02-03T00:43:02,2,0,0
,Belgium,2020-02-04T15:43:02,1,0,0
,Cambodia,2020-01-31T08:15:53,1,0,0
"London, ON",Canada,2020-02-04T00:03:11,1,0,0
,Finland,2020-01-31T08:15:53,1,0,0
Tibet,Mainland China,2020-02-01T01:52:40,1,0,0
,Nepal,2020-01-31T08:15:53,1,0,0
,Spain,2020-02-01T23:43:02,1,0,0
,Sri Lanka,2020-01-31T08:15:53,1,0,0
,Sweden,2020-02-01T02:13:26,1,0,0
"Boston, MA",US,2020-02-01T19:43:03,1,0,0
"Los Angeles, CA",US,2020-02-01T19:53:03,1,0,0
"Madison, WI",US,2020-02-05T21:53:02,1,0,0
"Orange, CA",US,2020-02-01T19:53:03,1,0,0
"Seattle, WA",US,2020-02-01T19:43:03,1,0,0
"Tempe, AZ",US,2020-02-01T19:43:03,1,0,0
Province/State,Country/Region,Last Update,Confirmed,Deaths,Recovered
Hubei,Mainland China,2020-02-08T23:33:06,27100,780,1439
Guangdong,Mainland China,2020-02-08T11:53:01,1095,1,112
Zhejiang,Mainland China,2020-02-08T10:53:02,1048,0,175
Henan,Mainland China,2020-02-08T14:13:12,981,4,116
Hunan,Mainland China,2020-02-08T12:53:01,803,1,156
Anhui,Mainland China,2020-02-08T07:43:02,733,0,59
Jiangxi,Mainland China,2020-02-08T01:23:02,698,0,55
Jiangsu,Mainland China,2020-02-08T10:23:04,439,0,51
Chongqing,Mainland China,2020-02-08T11:03:15,428,2,39
Shandong,Mainland China,2020-02-08T11:33:02,416,0,44
Sichuan,Mainland China,2020-02-08T15:23:04,364,1,60
Beijing,Mainland China,2020-02-08T03:13:09,315,2,34
Heilongjiang,Mainland China,2020-02-08T04:03:09,295,5,13
Shanghai,Mainland China,2020-02-08T06:33:02,286,1,41
Fujian,Mainland China,2020-02-08T08:13:10,239,0,24
Hebei,Mainland China,2020-02-08T11:33:02,195,1,30
Shaanxi,Mainland China,2020-02-08T10:13:06,195,0,20
Guangxi,Mainland China,2020-02-08T00:23:03,183,0,17
Yunnan,Mainland China,2020-02-08T08:43:02,138,0,17
Hainan,Mainland China,2020-02-08T10:23:04,124,2,14
Shanxi,Mainland China,2020-02-08T23:53:02,115,0,21
Liaoning,Mainland China,2020-02-08T11:53:01,105,0,8
Guizhou,Mainland China,2020-02-08T06:43:03,89,1,7
Tianjin,Mainland China,2020-02-08T08:23:04,88,1,4
Gansu,Mainland China,2020-02-08T15:13:14,79,1,12
Jilin,Mainland China,2020-02-08T00:13:04,69,1,4
Cruise Ship,Others,2020-02-07T16:33:03,61,0,0
Inner Mongolia,Mainland China,2020-02-08T03:33:02,52,0,5
Ningxia,Mainland China,2020-02-08T09:13:16,45,0,15
Xinjiang,Mainland China,2020-02-08T03:23:10,42,0,0
,Singapore,2020-02-08T12:53:01,33,0,2
,Thailand,2020-02-08T12:53:01,32,0,10
Hong Kong,Hong Kong,2020-02-08T00:03:07,26,1,0
,Japan,2020-02-07T04:13:20,25,0,1
,South Korea,2020-02-07T03:03:03,24,0,1
Qinghai,Mainland China,2020-02-06T02:13:15,18,0,3
Taiwan,Taiwan,2020-02-08T05:23:02,17,0,1
,Malaysia,2020-02-08T10:23:04,16,0,1
,Germany,2020-02-07T16:33:03,13,0,0
,Vietnam,2020-02-08T07:23:04,13,0,1
,France,2020-02-08T09:53:01,11,0,0
Macau,Macau,2020-02-06T14:23:04,10,0,1
,United Arab Emirates,2020-02-08T07:03:16,7,0,0
Queensland,Australia,2020-02-07T01:03:02,5,0,0
New South Wales,Australia,2020-02-06T03:13:22,4,0,2
Victoria,Australia,2020-02-01T18:12:49,4,0,0
British Columbia,Canada,2020-02-07T05:43:03,4,0,0
,India,2020-02-03T21:43:02,3,0,0
,Italy,2020-02-07T17:53:02,3,0,0
,Philippines,2020-02-07T16:43:04,3,1,0
,UK,2020-02-07T18:33:02,3,0,0
South Australia,Australia,2020-02-02T22:33:07,2,0,0
"Toronto, ON",Canada,2020-02-04T00:13:06,2,0,0
,Russia,2020-01-31T16:13:45,2,0,0
"Chicago, IL",US,2020-02-01T19:43:03,2,0,0
"San Benito, CA",US,2020-02-03T03:53:02,2,0,0
"Santa Clara, CA",US,2020-02-03T00:43:02,2,0,0
,Belgium,2020-02-04T15:43:02,1,0,0
,Cambodia,2020-01-31T08:15:53,1,0,0
"London, ON",Canada,2020-02-04T00:03:11,1,0,0
,Finland,2020-01-31T08:15:53,1,0,0
Tibet,Mainland China,2020-02-01T01:52:40,1,0,0
,Nepal,2020-01-31T08:15:53,1,0,0
,Spain,2020-02-01T23:43:02,1,0,0
,Sri Lanka,2020-02-08T03:43:03,1,0,1
,Sweden,2020-02-01T02:13:26,1,0,0
"Boston, MA",US,2020-02-01T19:43:03,1,0,0
"Los Angeles, CA",US,2020-02-01T19:53:03,1,0,0
"Madison, WI",US,2020-02-05T21:53:02,1,0,0
"Orange, CA",US,2020-02-01T19:53:03,1,0,0
"Seattle, WA",US,2020-02-01T19:43:03,1,0,0
"Tempe, AZ",US,2020-02-01T19:43:03,1,0,0
Province/State,Country/Region,Last Update,Confirmed,Deaths,Recovered
Hubei,Mainland China,2020-02-09T23:33:02,29631,871,1795
Guangdong,Mainland China,2020-02-09T15:03:05,1131,1,141
Zhejiang,Mainland China,2020-02-09T12:03:04,1075,0,201
Henan,Mainland China,2020-02-09T11:23:08,1033,6,153
Hunan,Mainland China,2020-02-09T12:33:01,838,1,186
Anhui,Mainland China,2020-02-09T09:33:02,779,1,72
Jiangxi,Mainland China,2020-02-09T11:33:12,740,0,73
Chongqing,Mainland China,2020-02-09T23:53:02,468,2,51
Jiangsu,Mainland China,2020-02-09T10:23:11,468,0,71
Shandong,Mainland China,2020-02-09T15:03:05,444,1,63
Sichuan,Mainland China,2020-02-09T12:43:01,386,1,71
Beijing,Mainland China,2020-02-09T03:43:02,326,2,37
Heilongjiang,Mainland China,2020-02-09T08:43:05,307,6,14
Shanghai,Mainland China,2020-02-09T06:33:01,293,1,44
Fujian,Mainland China,2020-02-09T09:13:11,250,0,35
Shaanxi,Mainland China,2020-02-09T03:03:09,208,0,25
Hebei,Mainland China,2020-02-09T12:43:01,206,2,34
Guangxi,Mainland China,2020-02-09T00:33:07,195,1,18
Yunnan,Mainland China,2020-02-09T08:53:02,141,0,18
Hainan,Mainland China,2020-02-09T13:33:02,131,3,19
Shanxi,Mainland China,2020-02-09T23:43:02,119,0,25
Liaoning,Mainland China,2020-02-09T12:23:03,107,0,12
Guizhou,Mainland China,2020-02-09T09:53:02,99,1,7
Tianjin,Mainland China,2020-02-09T23:43:02,91,1,4
Gansu,Mainland China,2020-02-09T23:33:02,83,2,16
Jilin,Mainland China,2020-02-09T09:03:04,78,1,12
Diamond Princess cruise ship,Others,2020-02-09T06:13:11,64,0,0
Inner Mongolia,Mainland China,2020-02-09T02:23:07,54,0,5
Ningxia,Mainland China,2020-02-09T02:03:11,45,0,13
Xinjiang,Mainland China,2020-02-09T01:23:08,45,0,0
,Singapore,2020-02-09T02:43:02,40,0,2
,Thailand,2020-02-08T12:53:01,32,0,10
Hong Kong,Hong Kong,2020-02-09T09:53:02,29,1,0
,Japan,2020-02-09T06:13:11,26,0,1
,South Korea,2020-02-09T02:33:02,25,0,3
Qinghai,Mainland China,2020-02-06T02:13:15,18,0,3
Taiwan,Taiwan,2020-02-09T09:13:11,18,0,1
,Malaysia,2020-02-08T10:23:04,16,0,1
,Germany,2020-02-09T06:13:11,14,0,0
,Vietnam,2020-02-08T07:23:04,13,0,1
,France,2020-02-08T09:53:01,11,0,0
Macau,Macau,2020-02-06T14:23:04,10,0,1
,United Arab Emirates,2020-02-08T07:03:16,7,0,0
Queensland,Australia,2020-02-09T19:33:02,5,0,0
New South Wales,Australia,2020-02-06T03:13:22,4,0,2
Victoria,Australia,2020-02-01T18:12:49,4,0,0
British Columbia,Canada,2020-02-07T05:43:03,4,0,0
,India,2020-02-03T21:43:02,3,0,0
,Italy,2020-02-07T17:53:02,3,0,0
,Philippines,2020-02-07T16:43:04,3,1,0
,UK,2020-02-07T18:33:02,3,0,0
South Australia,Australia,2020-02-02T22:33:07,2,0,0
"Toronto, ON",Canada,2020-02-04T00:13:06,2,0,0
,Russia,2020-01-31T16:13:45,2,0,0
,Spain,2020-02-09T20:33:03,2,0,0
"Chicago, IL",US,2020-02-09T19:03:03,2,0,2
"San Benito, CA",US,2020-02-03T03:53:02,2,0,0
"Santa Clara, CA",US,2020-02-03T00:43:02,2,0,0
,Belgium,2020-02-04T15:43:02,1,0,0
,Cambodia,2020-01-31T08:15:53,1,0,0
"London, ON",Canada,2020-02-04T00:03:11,1,0,0
,Finland,2020-01-31T08:15:53,1,0,0
Tibet,Mainland China,2020-02-01T01:52:40,1,0,0
,Nepal,2020-01-31T08:15:53,1,0,0
,Sri Lanka,2020-02-08T03:43:03,1,0,1
,Sweden,2020-02-01T02:13:26,1,0,0
"Boston, MA",US,2020-02-01T19:43:03,1,0,0
"Los Angeles, CA",US,2020-02-01T19:53:03,1,0,0
"Madison, WI",US,2020-02-05T21:53:02,1,0,0
"Orange, CA",US,2020-02-01T19:53:03,1,0,0
"Seattle, WA",US,2020-02-09T07:03:04,1,0,1
"Tempe, AZ",US,2020-02-01T19:43:03,1,0,0
Province/State,Country/Region,Last Update,Confirmed,Deaths,Recovered
Hubei,Mainland China,2020-02-10T23:33:02,31728,974,2222
Guangdong,Mainland China,2020-02-10T13:43:02,1159,1,167
Zhejiang,Mainland China,2020-02-10T14:13:12,1092,0,242
Henan,Mainland China,2020-02-10T13:53:02,1073,6,191
Hunan,Mainland China,2020-02-10T13:53:02,879,1,208
Anhui,Mainland China,2020-02-10T07:23:04,830,3,88
Jiangxi,Mainland China,2020-02-10T13:53:02,771,1,105
Jiangsu,Mainland China,2020-02-10T14:03:05,492,0,81
Chongqing,Mainland China,2020-02-10T23:43:02,486,2,66
Shandong,Mainland China,2020-02-10T09:33:02,466,1,66
Sichuan,Mainland China,2020-02-10T10:03:02,405,1,80
Beijing,Mainland China,2020-02-10T03:13:08,337,2,44
Heilongjiang,Mainland China,2020-02-10T07:33:05,331,7,30
Shanghai,Mainland China,2020-02-10T06:03:13,299,1,48
Fujian,Mainland China,2020-02-10T14:03:05,261,0,39
Hebei,Mainland China,2020-02-10T10:03:02,218,2,41
Shaanxi,Mainland China,2020-02-10T13:23:06,213,0,30
Guangxi,Mainland China,2020-02-10T14:03:05,210,1,24
Yunnan,Mainland China,2020-02-10T09:43:02,149,0,19
Hainan,Mainland China,2020-02-10T09:33:02,138,3,19
Diamond Princess cruise ship,Others,2020-02-10T16:03:12,135,0,0
Shanxi,Mainland China,2020-02-09T23:43:02,119,0,25
Guizhou,Mainland China,2020-02-10T12:33:02,109,1,10
Liaoning,Mainland China,2020-02-10T14:03:05,108,0,13
Tianjin,Mainland China,2020-02-10T14:23:08,95,1,8
Gansu,Mainland China,2020-02-10T07:23:04,83,2,17
Jilin,Mainland China,2020-02-10T14:03:05,80,1,13
Inner Mongolia,Mainland China,2020-02-10T02:43:05,58,0,5
Ningxia,Mainland China,2020-02-10T01:43:02,49,0,13
Xinjiang,Mainland China,2020-02-10T01:13:06,49,0,0
,Singapore,2020-02-10T19:03:02,45,0,2
Hong Kong,Hong Kong,2020-02-10T10:13:06,38,1,0
,Thailand,2020-02-08T12:53:01,32,0,10
,South Korea,2020-02-10T03:03:09,27,0,3
,Japan,2020-02-10T21:33:02,26,0,4
Qinghai,Mainland China,2020-02-06T02:13:15,18,0,3
,Malaysia,2020-02-10T03:03:09,18,0,1
Taiwan,Taiwan,2020-02-09T09:13:11,18,0,1
,Germany,2020-02-09T06:13:11,14,0,0
,Vietnam,2020-02-10T03:03:09,14,0,1
,France,2020-02-08T09:53:01,11,0,0
Macau,Macau,2020-02-06T14:23:04,10,0,1
,UK,2020-02-10T19:03:02,8,0,0
,United Arab Emirates,2020-02-10T23:03:09,8,0,0
Queensland,Australia,2020-02-09T19:33:02,5,0,0
New South Wales,Australia,2020-02-06T03:13:22,4,0,2
Victoria,Australia,2020-02-01T18:12:49,4,0,0
British Columbia,Canada,2020-02-07T05:43:03,4,0,0
,India,2020-02-03T21:43:02,3,0,0
,Italy,2020-02-07T17:53:02,3,0,0
,Philippines,2020-02-07T16:43:04,3,1,0
South Australia,Australia,2020-02-02T22:33:07,2,0,0
"Toronto, ON",Canada,2020-02-04T00:13:06,2,0,0
,Russia,2020-01-31T16:13:45,2,0,0
,Spain,2020-02-09T20:33:03,2,0,0
"Chicago, IL",US,2020-02-09T19:03:03,2,0,2
"San Benito, CA",US,2020-02-03T03:53:02,2,0,0
"Santa Clara, CA",US,2020-02-03T00:43:02,2,0,0
,Belgium,2020-02-04T15:43:02,1,0,0
,Cambodia,2020-01-31T08:15:53,1,0,0
"London, ON",Canada,2020-02-04T00:03:11,1,0,0
,Finland,2020-01-31T08:15:53,1,0,0
Tibet,Mainland China,2020-02-01T01:52:40,1,0,0
,Nepal,2020-01-31T08:15:53,1,0,0
,Sri Lanka,2020-02-08T03:43:03,1,0,1
,Sweden,2020-02-01T02:13:26,1,0,0
"Boston, MA",US,2020-02-01T19:43:03,1,0,0
"Los Angeles, CA",US,2020-02-01T19:53:03,1,0,0
"Madison, WI",US,2020-02-05T21:53:02,1,0,0
"Orange, CA",US,2020-02-01T19:53:03,1,0,0
"Seattle, WA",US,2020-02-09T07:03:04,1,0,1
"Tempe, AZ",US,2020-02-01T19:43:03,1,0,0
Province/State,Country/Region,Last Update,Confirmed,Deaths,Recovered
Hubei,Mainland China,2020-02-11T23:33:02,33366,1068,2639
Guangdong,Mainland China,2020-02-11T14:03:05,1177,1,212
Zhejiang,Mainland China,2020-02-11T12:53:02,1117,0,270
Henan,Mainland China,2020-02-11T14:03:05,1105,7,218
Hunan,Mainland China,2020-02-11T12:53:02,912,1,247
Anhui,Mainland China,2020-02-11T09:43:02,860,4,105
Jiangxi,Mainland China,2020-02-11T14:03:05,804,1,128
Jiangsu,Mainland China,2020-02-11T08:13:06,515,0,93
Chongqing,Mainland China,2020-02-11T23:53:02,505,3,79
Shandong,Mainland China,2020-02-11T11:23:04,487,1,80
Sichuan,Mainland China,2020-02-11T11:23:04,417,1,85
Heilongjiang,Mainland China,2020-02-11T11:23:04,360,8,28
Beijing,Mainland China,2020-02-11T03:03:07,342,3,48
Shanghai,Mainland China,2020-02-11T06:23:02,303,1,52
Fujian,Mainland China,2020-02-11T14:03:05,267,0,45
Hebei,Mainland China,2020-02-11T11:23:04,239,2,48
Shaanxi,Mainland China,2020-02-11T06:03:16,219,0,32
Guangxi,Mainland China,2020-02-11T11:23:04,215,1,33
Yunnan,Mainland China,2020-02-11T09:23:04,153,0,20
Hainan,Mainland China,2020-02-11T14:33:02,144,3,20
Diamond Princess cruise ship,Others,2020-02-10T16:03:12,135,0,0
Guizhou,Mainland China,2020-02-11T14:03:05,127,1,17
Shanxi,Mainland China,2020-02-11T23:33:02,124,0,30
Liaoning,Mainland China,2020-02-11T12:53:02,111,0,19
Tianjin,Mainland China,2020-02-11T23:13:05,106,2,10
Gansu,Mainland China,2020-02-11T15:23:04,86,2,24
Jilin,Mainland China,2020-02-11T08:03:06,81,1,18
Inner Mongolia,Mainland China,2020-02-10T02:43:05,58,0,5
Xinjiang,Mainland China,2020-02-11T09:13:11,55,0,3
Ningxia,Mainland China,2020-02-11T10:03:08,53,0,22
Hong Kong,Hong Kong,2020-02-11T09:43:02,49,1,0
,Singapore,2020-02-11T16:43:06,47,0,9
,Thailand,2020-02-11T18:43:04,33,0,10
,South Korea,2020-02-11T02:53:02,28,0,3
,Japan,2020-02-11T02:53:02,26,0,9
Qinghai,Mainland China,2020-02-11T11:23:04,18,0,5
,Malaysia,2020-02-11T03:13:13,18,0,3
Taiwan,Taiwan,2020-02-09T09:13:11,18,0,1
,Germany,2020-02-11T19:33:03,16,0,0
,Vietnam,2020-02-11T16:43:06,15,0,6
,France,2020-02-08T09:53:01,11,0,0
Macau,Macau,2020-02-06T14:23:04,10,0,1
,UK,2020-02-10T19:03:02,8,0,0
,United Arab Emirates,2020-02-10T23:03:09,8,0,0
Queensland,Australia,2020-02-09T19:33:02,5,0,0
New South Wales,Australia,2020-02-06T03:13:22,4,0,2
Victoria,Australia,2020-02-01T18:12:49,4,0,0
British Columbia,Canada,2020-02-07T05:43:03,4,0,0
,India,2020-02-03T21:43:02,3,0,0
,Italy,2020-02-07T17:53:02,3,0,0
,Philippines,2020-02-07T16:43:04,3,1,0
South Australia,Australia,2020-02-02T22:33:07,2,0,0
"Toronto, ON",Canada,2020-02-04T00:13:06,2,0,0
,Russia,2020-01-31T16:13:45,2,0,0
,Spain,2020-02-09T20:33:03,2,0,0
"Chicago, IL",US,2020-02-09T19:03:03,2,0,2
"San Benito, CA",US,2020-02-03T03:53:02,2,0,0
"Santa Clara, CA",US,2020-02-03T00:43:02,2,0,0
,Belgium,2020-02-04T15:43:02,1,0,0
,Cambodia,2020-01-31T08:15:53,1,0,0
"London, ON",Canada,2020-02-04T00:03:11,1,0,0
,Finland,2020-01-31T08:15:53,1,0,0
Tibet,Mainland China,2020-02-01T01:52:40,1,0,0
,Nepal,2020-01-31T08:15:53,1,0,0
,Sri Lanka,2020-02-08T03:43:03,1,0,1
,Sweden,2020-02-01T02:13:26,1,0,0
"Boston, MA",US,2020-02-01T19:43:03,1,0,0
"Los Angeles, CA",US,2020-02-01T19:53:03,1,0,0
"Madison, WI",US,2020-02-05T21:53:02,1,0,0
"Orange, CA",US,2020-02-01T19:53:03,1,0,0
"San Diego County, CA",US,2020-02-11T01:23:05,1,0,0
"Seattle, WA",US,2020-02-09T07:03:04,1,0,1
"Tempe, AZ",US,2020-02-01T19:43:03,1,0,0
Province/State,Country/Region,Last Update,Confirmed,Deaths,Recovered
Hubei,Mainland China,2020-02-12T14:13:08,33366,1068,2686
Guangdong,Mainland China,2020-02-12T12:23:09,1219,1,275
Henan,Mainland China,2020-02-12T14:13:08,1135,8,246
Zhejiang,Mainland China,2020-02-12T10:13:20,1131,0,321
Hunan,Mainland China,2020-02-12T12:43:03,946,2,304
Anhui,Mainland China,2020-02-12T10:13:20,889,4,127
Jiangxi,Mainland China,2020-02-12T01:23:06,844,1,152
Jiangsu,Mainland China,2020-02-12T14:13:08,543,0,125
Chongqing,Mainland China,2020-02-12T23:13:08,518,3,102
Shandong,Mainland China,2020-02-12T11:13:05,497,2,92
Sichuan,Mainland China,2020-02-12T12:43:03,436,1,92
Heilongjiang,Mainland China,2020-02-12T14:13:08,378,8,31
Beijing,Mainland China,2020-02-12T02:43:03,352,3,56
Shanghai,Mainland China,2020-02-12T06:23:08,311,1,57
Fujian,Mainland China,2020-02-12T11:53:02,272,0,53
Hebei,Mainland China,2020-02-12T11:13:05,251,2,54
Shaanxi,Mainland China,2020-02-12T11:13:05,225,0,43
Guangxi,Mainland China,2020-02-12T15:03:05,222,1,32
Diamond Princess cruise ship,Others,2020-02-12T04:23:38,175,0,0
Hainan,Mainland China,2020-02-12T17:03:03,157,4,27
Yunnan,Mainland China,2020-02-12T14:13:08,154,0,26
Guizhou,Mainland China,2020-02-12T09:43:02,133,1,18
Shanxi,Mainland China,2020-02-12T23:03:02,126,0,33
Liaoning,Mainland China,2020-02-12T13:33:02,116,1,20
Tianjin,Mainland China,2020-02-12T15:03:05,112,2,11
Gansu,Mainland China,2020-02-12T23:23:01,87,2,31
Jilin,Mainland China,2020-02-12T14:13:08,83,1,22
Inner Mongolia,Mainland China,2020-02-12T11:13:05,60,0,6
Xinjiang,Mainland China,2020-02-12T01:43:02,59,0,3
Ningxia,Mainland China,2020-02-12T11:13:05,58,0,24
Hong Kong,Hong Kong,2020-02-12T09:53:02,50,1,1
,Singapore,2020-02-12T19:53:02,50,0,15
,Thailand,2020-02-11T18:43:04,33,0,10
,Japan,2020-02-12T02:43:03,28,0,9
,South Korea,2020-02-12T14:43:03,28,0,7
Qinghai,Mainland China,2020-02-12T08:03:06,18,0,9
,Malaysia,2020-02-11T03:13:13,18,0,3
Taiwan,Taiwan,2020-02-09T09:13:11,18,0,1
,Germany,2020-02-11T19:33:03,16,0,0
,Vietnam,2020-02-11T16:43:06,15,0,6
,France,2020-02-12T18:53:02,11,0,2
Macau,Macau,2020-02-12T09:53:02,10,0,2
,UK,2020-02-12T19:03:06,9,0,1
,United Arab Emirates,2020-02-12T00:33:02,8,0,1
Queensland,Australia,2020-02-09T19:33:02,5,0,0
New South Wales,Australia,2020-02-06T03:13:22,4,0,2
Victoria,Australia,2020-02-01T18:12:49,4,0,0
British Columbia,Canada,2020-02-07T05:43:03,4,0,0
,India,2020-02-03T21:43:02,3,0,0
,Italy,2020-02-07T17:53:02,3,0,0
,Philippines,2020-02-12T07:43:02,3,1,1
South Australia,Australia,2020-02-02T22:33:07,2,0,0
"Toronto, ON",Canada,2020-02-04T00:13:06,2,0,0
,Russia,2020-02-12T14:43:03,2,0,2
,Spain,2020-02-09T20:33:03,2,0,0
"Chicago, IL",US,2020-02-09T19:03:03,2,0,2
"San Benito, CA",US,2020-02-03T03:53:02,2,0,0
"Santa Clara, CA",US,2020-02-03T00:43:02,2,0,0
,Belgium,2020-02-04T15:43:02,1,0,0
,Cambodia,2020-02-12T07:43:02,1,0,1
"London, ON",Canada,2020-02-12T18:53:03,1,0,1
,Finland,2020-02-12T00:03:12,1,0,1
Tibet,Mainland China,2020-02-12T06:43:02,1,0,1
,Nepal,2020-02-12T14:43:03,1,0,1
,Sri Lanka,2020-02-08T03:43:03,1,0,1
,Sweden,2020-02-01T02:13:26,1,0,0
"Boston, MA",US,2020-02-01T19:43:03,1,0,0
"Los Angeles, CA",US,2020-02-01T19:53:03,1,0,0
"Madison, WI",US,2020-02-05T21:53:02,1,0,0
"Orange, CA",US,2020-02-01T19:53:03,1,0,0
"San Diego County, CA",US,2020-02-11T01:23:05,1,0,0
"Seattle, WA",US,2020-02-09T07:03:04,1,0,1
"Tempe, AZ",US,2020-02-01T19:43:03,1,0,0
Province/State,Country/Region,Last Update,Confirmed,Deaths,Recovered
Hubei,Mainland China,2020-02-13T14:13:06,48206,1310,3459
Guangdong,Mainland China,2020-02-13T13:33:01,1241,2,314
Henan,Mainland China,2020-02-13T14:53:02,1169,10,296
Zhejiang,Mainland China,2020-02-13T14:13:06,1145,0,360
Hunan,Mainland China,2020-02-13T11:53:02,968,2,339
Anhui,Mainland China,2020-02-13T13:33:01,910,5,157
Jiangxi,Mainland China,2020-02-13T01:13:08,872,1,170
Jiangsu,Mainland China,2020-02-13T10:33:23,570,0,139
Chongqing,Mainland China,2020-02-13T23:23:05,529,4,128
Shandong,Mainland China,2020-02-13T13:33:01,509,2,105
Sichuan,Mainland China,2020-02-13T13:33:01,451,1,104
Heilongjiang,Mainland China,2020-02-13T12:13:06,395,9,33
Beijing,Mainland China,2020-02-13T14:13:06,366,3,69
Shanghai,Mainland China,2020-02-13T06:13:15,315,1,62
Fujian,Mainland China,2020-02-13T10:33:23,279,0,57
Hebei,Mainland China,2020-02-13T10:33:23,265,3,68
Shaanxi,Mainland China,2020-02-13T10:33:23,229,0,46
Guangxi,Mainland China,2020-02-13T00:23:10,222,2,33
Diamond Princess cruise ship,Others,2020-02-12T04:23:38,175,0,0
Hainan,Mainland China,2020-02-13T10:43:03,157,4,30
Yunnan,Mainland China,2020-02-13T08:43:08,156,0,27
Guizhou,Mainland China,2020-02-13T10:33:23,135,1,27
Shanxi,Mainland China,2020-02-13T23:23:05,126,0,36
Tianjin,Mainland China,2020-02-13T23:43:02,119,3,21
Liaoning,Mainland China,2020-02-13T14:33:02,117,1,22
Gansu,Mainland China,2020-02-13T15:53:03,90,2,39
Jilin,Mainland China,2020-02-13T13:33:01,84,1,24
Ningxia,Mainland China,2020-02-13T01:23:08,64,0,24
Xinjiang,Mainland China,2020-02-13T10:33:23,63,1,6
Inner Mongolia,Mainland China,2020-02-13T01:23:08,61,0,6
,Singapore,2020-02-13T14:33:02,58,0,15
Hong Kong,Hong Kong,2020-02-13T14:53:02,53,1,1
,Thailand,2020-02-13T17:53:03,33,0,12
,Japan,2020-02-13T12:23:05,28,1,9
,South Korea,2020-02-12T14:43:03,28,0,7
,Malaysia,2020-02-13T10:53:02,19,0,3
Qinghai,Mainland China,2020-02-13T08:43:08,18,0,11
Taiwan,Taiwan,2020-02-09T09:13:11,18,0,1
,Germany,2020-02-13T15:13:11,16,0,1
,Vietnam,2020-02-13T06:33:02,16,0,7
,France,2020-02-12T18:53:02,11,0,2
Macau,Macau,2020-02-13T14:13:06,10,0,3
,UK,2020-02-12T19:03:06,9,0,1
,United Arab Emirates,2020-02-12T00:33:02,8,0,1
Queensland,Australia,2020-02-09T19:33:02,5,0,0
New South Wales,Australia,2020-02-13T17:53:03,4,0,4
Victoria,Australia,2020-02-13T17:53:03,4,0,4
British Columbia,Canada,2020-02-07T05:43:03,4,0,0
,India,2020-02-13T18:53:02,3,0,0
,Italy,2020-02-07T17:53:02,3,0,0
,Philippines,2020-02-12T07:43:02,3,1,1
South Australia,Australia,2020-02-02T22:33:07,2,0,0
"Toronto, ON",Canada,2020-02-04T00:13:06,2,0,0
,Russia,2020-02-12T14:43:03,2,0,2
,Spain,2020-02-09T20:33:03,2,0,0
"Chicago, IL",US,2020-02-09T19:03:03,2,0,2
"San Benito, CA",US,2020-02-03T03:53:02,2,0,0
"San Diego County, CA",US,2020-02-13T03:13:08,2,0,0
"Santa Clara, CA",US,2020-02-03T00:43:02,2,0,0
,Belgium,2020-02-04T15:43:02,1,0,0
,Cambodia,2020-02-12T07:43:02,1,0,1
"London, ON",Canada,2020-02-12T18:53:03,1,0,1
,Finland,2020-02-12T00:03:12,1,0,1
Tibet,Mainland China,2020-02-12T06:43:02,1,0,1
,Nepal,2020-02-12T14:43:03,1,0,1
,Sri Lanka,2020-02-08T03:43:03,1,0,1
,Sweden,2020-02-01T02:13:26,1,0,0
"Boston, MA",US,2020-02-01T19:43:03,1,0,0
"Los Angeles, CA",US,2020-02-01T19:53:03,1,0,0
"Madison, WI",US,2020-02-05T21:53:02,1,0,0
"Orange, CA",US,2020-02-01T19:53:03,1,0,0
"San Antonio, TX",US,2020-02-13T18:53:02,1,0,0
"Seattle, WA",US,2020-02-09T07:03:04,1,0,1
"Tempe, AZ",US,2020-02-01T19:43:03,1,0,0
Province/State,Country/Region,Last Update,Confirmed,Deaths,Recovered
Hubei,Mainland China,2020-02-14T23:33:02,54406,1457,4774
Guangdong,Mainland China,2020-02-14T12:53:02,1261,2,362
Henan,Mainland China,2020-02-14T12:53:02,1184,11,357
Zhejiang,Mainland China,2020-02-14T14:13:15,1155,0,403
Hunan,Mainland China,2020-02-14T09:23:04,988,2,364
Anhui,Mainland China,2020-02-14T12:53:02,934,6,193
Jiangxi,Mainland China,2020-02-14T01:13:06,900,1,187
Jiangsu,Mainland China,2020-02-14T10:03:03,593,0,157
Chongqing,Mainland China,2020-02-14T23:33:02,537,5,152
Shandong,Mainland China,2020-02-14T11:13:22,523,2,136
Sichuan,Mainland China,2020-02-14T11:13:22,463,1,114
Heilongjiang,Mainland China,2020-02-14T13:23:07,419,11,47
Beijing,Mainland China,2020-02-14T06:33:02,372,3,80
Shanghai,Mainland China,2020-02-14T04:13:11,318,1,90
Hebei,Mainland China,2020-02-14T11:13:22,283,3,87
Fujian,Mainland China,2020-02-14T11:13:22,281,0,63
Shaanxi,Mainland China,2020-02-14T12:53:02,230,0,54
Guangxi,Mainland China,2020-02-14T15:23:02,226,2,36
Diamond Princess cruise ship,Others,2020-02-14T00:13:23,218,0,0
Yunnan,Mainland China,2020-02-14T12:53:02,162,0,36
Hainan,Mainland China,2020-02-14T15:23:02,159,4,43
Guizhou,Mainland China,2020-02-14T01:53:02,140,1,28
Shanxi,Mainland China,2020-02-14T23:23:04,127,0,38
Tianjin,Mainland China,2020-02-14T11:13:22,120,3,31
Liaoning,Mainland China,2020-02-14T15:23:02,119,1,29
Gansu,Mainland China,2020-02-13T15:53:03,90,2,39
Jilin,Mainland China,2020-02-14T00:43:02,86,1,25
Ningxia,Mainland China,2020-02-14T01:43:02,67,0,24
,Singapore,2020-02-14T12:43:02,67,0,17
Inner Mongolia,Mainland China,2020-02-14T02:03:08,65,0,6
Xinjiang,Mainland China,2020-02-14T01:13:06,65,1,6
Hong Kong,Hong Kong,2020-02-14T09:03:12,56,1,1
,Thailand,2020-02-13T17:53:03,33,0,12
,Japan,2020-02-14T03:53:02,29,1,9
,South Korea,2020-02-12T14:43:03,28,0,7
,Malaysia,2020-02-13T10:53:02,19,0,3
Qinghai,Mainland China,2020-02-13T08:43:08,18,0,11
Taiwan,Taiwan,2020-02-14T02:13:06,18,0,2
,Germany,2020-02-13T15:13:11,16,0,1
,Vietnam,2020-02-13T06:33:02,16,0,7
,France,2020-02-12T18:53:02,11,0,2
Macau,Macau,2020-02-13T14:13:06,10,0,3
,UK,2020-02-12T19:03:06,9,0,1
,United Arab Emirates,2020-02-12T00:33:02,8,0,1
Queensland,Australia,2020-02-09T19:33:02,5,0,0
New South Wales,Australia,2020-02-13T17:53:03,4,0,4
Victoria,Australia,2020-02-13T17:53:03,4,0,4
British Columbia,Canada,2020-02-07T05:43:03,4,0,0
,India,2020-02-13T18:53:02,3,0,0
,Italy,2020-02-07T17:53:02,3,0,0
,Philippines,2020-02-12T07:43:02,3,1,1
South Australia,Australia,2020-02-02T22:33:07,2,0,0
"Toronto, ON",Canada,2020-02-04T00:13:06,2,0,0
,Russia,2020-02-12T14:43:03,2,0,2
,Spain,2020-02-09T20:33:03,2,0,0
"Chicago, IL",US,2020-02-09T19:03:03,2,0,2
"San Benito, CA",US,2020-02-03T03:53:02,2,0,0
"San Diego County, CA",US,2020-02-13T03:13:08,2,0,0
"Santa Clara, CA",US,2020-02-03T00:43:02,2,0,0
,Belgium,2020-02-04T15:43:02,1,0,0
,Cambodia,2020-02-12T07:43:02,1,0,1
"London, ON",Canada,2020-02-12T18:53:03,1,0,1
,Egypt,2020-02-14T23:53:02,1,0,0
,Finland,2020-02-12T00:03:12,1,0,1
Tibet,Mainland China,2020-02-12T06:43:02,1,0,1
,Nepal,2020-02-12T14:43:03,1,0,1
,Sri Lanka,2020-02-08T03:43:03,1,0,1
,Sweden,2020-02-01T02:13:26,1,0,0
"Boston, MA",US,2020-02-01T19:43:03,1,0,0
"Los Angeles, CA",US,2020-02-01T19:53:03,1,0,0
"Madison, WI",US,2020-02-05T21:53:02,1,0,0
"Orange, CA",US,2020-02-01T19:53:03,1,0,0
"San Antonio, TX",US,2020-02-13T18:53:02,1,0,0
"Seattle, WA",US,2020-02-09T07:03:04,1,0,1
"Tempe, AZ",US,2020-02-01T19:43:03,1,0,0
Province/State,Country/Region,Last Update,Confirmed,Deaths,Recovered
Hubei,Mainland China,2020-02-15T23:13:05,56249,1596,5623
Guangdong,Mainland China,2020-02-15T14:03:04,1294,2,410
Henan,Mainland China,2020-02-15T12:13:08,1212,13,391
Zhejiang,Mainland China,2020-02-15T11:23:17,1162,0,428
Hunan,Mainland China,2020-02-15T13:03:04,1001,2,425
Anhui,Mainland China,2020-02-15T12:13:08,950,6,221
Jiangxi,Mainland China,2020-02-15T01:33:02,913,1,210
Jiangsu,Mainland China,2020-02-15T12:13:08,604,0,186
Chongqing,Mainland China,2020-02-15T23:23:07,544,5,184
Shandong,Mainland China,2020-02-15T11:23:17,532,2,156
Sichuan,Mainland China,2020-02-15T08:43:03,470,1,119
Heilongjiang,Mainland China,2020-02-15T11:43:01,425,11,68
Beijing,Mainland China,2020-02-15T09:53:01,375,4,98
Shanghai,Mainland China,2020-02-15T03:13:06,326,1,124
Hebei,Mainland China,2020-02-15T13:03:04,291,3,101
Fujian,Mainland China,2020-02-15T13:03:04,285,0,71
Diamond Princess cruise ship,Others,2020-02-15T17:03:04,285,0,0
Guangxi,Mainland China,2020-02-15T06:33:01,235,2,44
Shaanxi,Mainland China,2020-02-15T12:13:08,232,0,60
Yunnan,Mainland China,2020-02-15T06:33:01,168,0,42
Hainan,Mainland China,2020-02-15T11:23:17,162,4,39
Guizhou,Mainland China,2020-02-15T14:53:04,143,1,41
Shanxi,Mainland China,2020-02-15T23:13:05,128,0,46
Tianjin,Mainland China,2020-02-15T13:43:01,122,3,37
Liaoning,Mainland China,2020-02-15T09:53:01,119,1,31
Gansu,Mainland China,2020-02-15T12:13:08,90,2,49
Jilin,Mainland China,2020-02-15T12:13:08,88,1,26
,Singapore,2020-02-15T23:53:02,72,0,18
Ningxia,Mainland China,2020-02-15T08:43:03,70,0,33
Xinjiang,Mainland China,2020-02-15T09:53:01,70,1,10
Inner Mongolia,Mainland China,2020-02-15T14:03:04,68,0,7
Hong Kong,Hong Kong,2020-02-14T09:03:12,56,1,1
,Japan,2020-02-15T17:43:06,43,1,12
,Thailand,2020-02-13T17:53:03,33,0,12
,South Korea,2020-02-15T23:33:02,28,0,9
,Malaysia,2020-02-15T23:43:02,22,0,7
Qinghai,Mainland China,2020-02-15T08:43:03,18,0,13
Taiwan,Taiwan,2020-02-15T03:43:02,18,0,2
,Germany,2020-02-13T15:13:11,16,0,1
,Vietnam,2020-02-13T06:33:02,16,0,7
,France,2020-02-15T20:53:02,12,1,4
Macau,Macau,2020-02-13T14:13:06,10,0,3
,UK,2020-02-12T19:03:06,9,0,1
,United Arab Emirates,2020-02-15T06:03:03,8,0,3
Queensland,Australia,2020-02-09T19:33:02,5,0,0
New South Wales,Australia,2020-02-13T17:53:03,4,0,4
Victoria,Australia,2020-02-13T17:53:03,4,0,4
British Columbia,Canada,2020-02-07T05:43:03,4,0,0
,India,2020-02-13T18:53:02,3,0,0
,Italy,2020-02-07T17:53:02,3,0,0
,Philippines,2020-02-12T07:43:02,3,1,1
South Australia,Australia,2020-02-02T22:33:07,2,0,0
"Toronto, ON",Canada,2020-02-04T00:13:06,2,0,0
,Russia,2020-02-12T14:43:03,2,0,2
,Spain,2020-02-15T17:23:04,2,0,2
"Chicago, IL",US,2020-02-09T19:03:03,2,0,2
"San Benito, CA",US,2020-02-03T03:53:02,2,0,0
"San Diego County, CA",US,2020-02-13T03:13:08,2,0,0
"Santa Clara, CA",US,2020-02-03T00:43:02,2,0,0
,Belgium,2020-02-04T15:43:02,1,0,0
,Cambodia,2020-02-12T07:43:02,1,0,1
"London, ON",Canada,2020-02-12T18:53:03,1,0,1
,Egypt,2020-02-14T23:53:02,1,0,0
,Finland,2020-02-12T00:03:12,1,0,1
Tibet,Mainland China,2020-02-12T06:43:02,1,0,1
,Nepal,2020-02-12T14:43:03,1,0,1
,Sri Lanka,2020-02-08T03:43:03,1,0,1
,Sweden,2020-02-01T02:13:26,1,0,0
"Boston, MA",US,2020-02-01T19:43:03,1,0,0
"Los Angeles, CA",US,2020-02-01T19:53:03,1,0,0
"Madison, WI",US,2020-02-05T21:53:02,1,0,0
"Orange, CA",US,2020-02-01T19:53:03,1,0,0
"San Antonio, TX",US,2020-02-13T18:53:02,1,0,0
"Seattle, WA",US,2020-02-09T07:03:04,1,0,1
"Tempe, AZ",US,2020-02-01T19:43:03,1,0,0
Province/State,Country/Region,Last Update,Confirmed,Deaths,Recovered
Hubei,Mainland China,2020-02-16T23:53:01,58182,1696,6639
Guangdong,Mainland China,2020-02-16T12:03:06,1316,2,465
Henan,Mainland China,2020-02-16T13:53:03,1231,13,440
Zhejiang,Mainland China,2020-02-16T09:33:02,1167,0,456
Hunan,Mainland China,2020-02-16T13:13:04,1004,3,464
Anhui,Mainland China,2020-02-16T08:33:02,962,6,255
Jiangxi,Mainland China,2020-02-16T10:03:06,925,1,240
Jiangsu,Mainland China,2020-02-16T09:33:02,617,0,218
Chongqing,Mainland China,2020-02-16T23:53:01,551,5,207
Shandong,Mainland China,2020-02-16T12:03:06,537,2,173
Sichuan,Mainland China,2020-02-16T10:03:06,481,3,131
Heilongjiang,Mainland China,2020-02-16T13:53:03,445,11,79
Beijing,Mainland China,2020-02-16T10:03:06,380,4,108
Diamond Princess cruise ship,Others,2020-02-16T03:43:02,355,0,0
Shanghai,Mainland China,2020-02-16T02:53:02,328,1,140
Hebei,Mainland China,2020-02-16T12:03:06,300,3,105
Fujian,Mainland China,2020-02-16T12:03:06,287,0,82
Guangxi,Mainland China,2020-02-16T12:03:06,237,2,49
Shaanxi,Mainland China,2020-02-16T13:53:03,236,0,71
Yunnan,Mainland China,2020-02-16T09:53:01,171,0,42
Hainan,Mainland China,2020-02-16T12:03:06,162,4,52
Guizhou,Mainland China,2020-02-16T09:13:09,144,1,46
Shanxi,Mainland China,2020-02-16T23:53:01,129,0,50
Tianjin,Mainland China,2020-02-16T12:23:02,124,3,45
Liaoning,Mainland China,2020-02-16T12:03:06,121,1,40
Gansu,Mainland China,2020-02-16T13:53:03,90,2,54
Jilin,Mainland China,2020-02-16T10:03:06,89,1,30
,Singapore,2020-02-16T16:23:06,75,0,18
Xinjiang,Mainland China,2020-02-16T08:33:02,71,1,12
Inner Mongolia,Mainland China,2020-02-16T08:33:02,70,0,8
Ningxia,Mainland China,2020-02-15T08:43:03,70,0,33
,Japan,2020-02-16T17:43:03,59,1,12
Hong Kong,Hong Kong,2020-02-16T09:53:01,57,1,2
,Thailand,2020-02-16T18:03:02,34,0,14
,South Korea,2020-02-16T01:33:02,29,0,9
,Malaysia,2020-02-15T23:43:02,22,0,7
Taiwan,Taiwan,2020-02-16T11:23:06,20,1,2
Qinghai,Mainland China,2020-02-15T08:43:03,18,0,13
,Germany,2020-02-13T15:13:11,16,0,1
,Vietnam,2020-02-13T06:33:02,16,0,7
,France,2020-02-15T20:53:02,12,1,4
Macau,Macau,2020-02-16T12:03:06,10,0,5
,UK,2020-02-16T16:23:06,9,0,8
,United Arab Emirates,2020-02-16T20:43:02,9,0,4
Queensland,Australia,2020-02-09T19:33:02,5,0,0
New South Wales,Australia,2020-02-13T17:53:03,4,0,4
Victoria,Australia,2020-02-13T17:53:03,4,0,4
British Columbia,Canada,2020-02-07T05:43:03,4,0,0
,India,2020-02-16T07:43:02,3,0,3
,Italy,2020-02-07T17:53:02,3,0,0
,Philippines,2020-02-12T07:43:02,3,1,1
South Australia,Australia,2020-02-02T22:33:07,2,0,0
"Toronto, ON",Canada,2020-02-04T00:13:06,2,0,0
,Russia,2020-02-12T14:43:03,2,0,2
,Spain,2020-02-15T17:23:04,2,0,2
"Chicago, IL",US,2020-02-09T19:03:03,2,0,2
"San Benito, CA",US,2020-02-03T03:53:02,2,0,0
"San Diego County, CA",US,2020-02-13T03:13:08,2,0,0
"Santa Clara, CA",US,2020-02-03T00:43:02,2,0,0
,Belgium,2020-02-04T15:43:02,1,0,0
,Cambodia,2020-02-12T07:43:02,1,0,1
"London, ON",Canada,2020-02-12T18:53:03,1,0,1
,Egypt,2020-02-14T23:53:02,1,0,0
,Finland,2020-02-12T00:03:12,1,0,1
Tibet,Mainland China,2020-02-12T06:43:02,1,0,1
,Nepal,2020-02-12T14:43:03,1,0,1
,Sri Lanka,2020-02-08T03:43:03,1,0,1
,Sweden,2020-02-01T02:13:26,1,0,0
"Boston, MA",US,2020-02-01T19:43:03,1,0,0
"Los Angeles, CA",US,2020-02-01T19:53:03,1,0,0
"Madison, WI",US,2020-02-05T21:53:02,1,0,0
"Orange, CA",US,2020-02-01T19:53:03,1,0,0
"San Antonio, TX",US,2020-02-13T18:53:02,1,0,0
"Seattle, WA",US,2020-02-09T07:03:04,1,0,1
"Tempe, AZ",US,2020-02-01T19:43:03,1,0,0
Province/State,Country/Region,Last Update,Confirmed,Deaths,Recovered
Hubei,Mainland China,2020-02-17T23:13:06,59989,1789,7862
Guangdong,Mainland China,2020-02-17T12:43:02,1322,4,524
Henan,Mainland China,2020-02-17T14:53:02,1246,16,509
Zhejiang,Mainland China,2020-02-17T11:23:06,1171,0,507
Hunan,Mainland China,2020-02-17T11:43:01,1006,3,498
Anhui,Mainland China,2020-02-17T09:13:07,973,6,280
Jiangxi,Mainland China,2020-02-17T01:33:02,930,1,275
Jiangsu,Mainland China,2020-02-17T10:23:04,626,0,258
Chongqing,Mainland China,2020-02-17T23:13:06,553,5,225
Shandong,Mainland China,2020-02-17T11:03:06,541,2,191
Sichuan,Mainland China,2020-02-17T13:13:09,495,3,156
Heilongjiang,Mainland China,2020-02-17T08:03:06,457,11,85
Diamond Princess cruise ship,Others,2020-02-17T14:33:04,454,0,0
Beijing,Mainland China,2020-02-17T01:23:02,381,4,114
Shanghai,Mainland China,2020-02-17T23:53:02,333,1,161
Hebei,Mainland China,2020-02-17T13:03:06,301,3,122
Fujian,Mainland China,2020-02-17T10:23:04,290,0,90
Shaanxi,Mainland China,2020-02-17T11:43:01,240,0,79
Guangxi,Mainland China,2020-02-17T10:23:04,238,2,53
Yunnan,Mainland China,2020-02-17T10:23:04,171,0,47
Hainan,Mainland China,2020-02-17T11:03:06,163,4,59
Guizhou,Mainland China,2020-02-17T11:13:16,146,1,57
Shanxi,Mainland China,2020-02-17T22:53:01,130,0,53
Tianjin,Mainland China,2020-02-17T12:43:02,125,3,46
Liaoning,Mainland China,2020-02-17T11:13:16,121,1,43
Gansu,Mainland China,2020-02-17T14:53:02,91,2,58
Jilin,Mainland China,2020-02-17T11:03:06,89,1,34
,Singapore,2020-02-17T14:33:04,77,0,24
Xinjiang,Mainland China,2020-02-17T01:53:01,75,1,12
Inner Mongolia,Mainland China,2020-02-17T02:03:06,72,0,8
Ningxia,Mainland China,2020-02-17T11:03:06,70,0,35
,Japan,2020-02-17T14:33:04,66,1,12
Hong Kong,Hong Kong,2020-02-17T22:53:01,60,1,2
,Thailand,2020-02-17T07:33:02,35,0,15
,South Korea,2020-02-17T23:43:01,30,0,10
,Malaysia,2020-02-15T23:43:02,22,0,7
Taiwan,Taiwan,2020-02-17T15:43:02,22,1,2
Qinghai,Mainland China,2020-02-15T08:43:03,18,0,13
,Germany,2020-02-13T15:13:11,16,0,1
,Vietnam,2020-02-13T06:33:02,16,0,7
,France,2020-02-15T20:53:02,12,1,4
Macau,Macau,2020-02-16T12:03:06,10,0,5
,UK,2020-02-16T16:23:06,9,0,8
,United Arab Emirates,2020-02-16T20:43:02,9,0,4
Queensland,Australia,2020-02-09T19:33:02,5,0,0
British Columbia,Canada,2020-02-17T08:03:07,5,0,0
New South Wales,Australia,2020-02-13T17:53:03,4,0,4
Victoria,Australia,2020-02-13T17:53:03,4,0,4
,India,2020-02-16T07:43:02,3,0,3
,Italy,2020-02-07T17:53:02,3,0,0
,Philippines,2020-02-12T07:43:02,3,1,1
South Australia,Australia,2020-02-17T08:13:09,2,0,2
"Toronto, ON",Canada,2020-02-04T00:13:06,2,0,0
,Russia,2020-02-12T14:43:03,2,0,2
,Spain,2020-02-15T17:23:04,2,0,2
"Chicago, IL",US,2020-02-09T19:03:03,2,0,2
"San Benito, CA",US,2020-02-03T03:53:02,2,0,0
"San Diego County, CA",US,2020-02-13T03:13:08,2,0,0
"Santa Clara, CA",US,2020-02-03T00:43:02,2,0,0
,Belgium,2020-02-17T04:23:06,1,0,1
,Cambodia,2020-02-12T07:43:02,1,0,1
"London, ON",Canada,2020-02-12T18:53:03,1,0,1
,Egypt,2020-02-14T23:53:02,1,0,0
,Finland,2020-02-12T00:03:12,1,0,1
Tibet,Mainland China,2020-02-12T06:43:02,1,0,1
,Nepal,2020-02-12T14:43:03,1,0,1
,Sri Lanka,2020-02-08T03:43:03,1,0,1
,Sweden,2020-02-01T02:13:26,1,0,0
"Boston, MA",US,2020-02-01T19:43:03,1,0,0
"Los Angeles, CA",US,2020-02-01T19:53:03,1,0,0
"Madison, WI",US,2020-02-05T21:53:02,1,0,0
"Orange, CA",US,2020-02-01T19:53:03,1,0,0
"San Antonio, TX",US,2020-02-13T18:53:02,1,0,0
"Seattle, WA",US,2020-02-09T07:03:04,1,0,1
"Tempe, AZ",US,2020-02-01T19:43:03,1,0,0Province/State,Country/Region,Last Update,Confirmed,Deaths,Recovered
Hubei,Mainland China,2020-02-18T23:13:11,61682,1921,9128
Guangdong,Mainland China,2020-02-18T13:43:02,1328,4,565
Henan,Mainland China,2020-02-18T14:23:02,1257,19,522
Zhejiang,Mainland China,2020-02-18T12:23:02,1172,0,535
Hunan,Mainland China,2020-02-18T13:43:02,1007,4,527
Anhui,Mainland China,2020-02-18T13:43:02,982,6,361
Jiangxi,Mainland China,2020-02-18T01:33:01,933,1,310
Jiangsu,Mainland China,2020-02-18T12:33:02,629,0,280
Chongqing,Mainland China,2020-02-18T23:23:03,555,5,254
Shandong,Mainland China,2020-02-18T12:13:08,543,3,211
Diamond Princess cruise ship,Others,2020-02-18T16:53:03,542,0,0
Sichuan,Mainland China,2020-02-18T12:33:02,508,3,169
Heilongjiang,Mainland China,2020-02-18T11:03:12,464,11,111
Beijing,Mainland China,2020-02-18T02:13:06,387,4,122
Shanghai,Mainland China,2020-02-18T05:03:08,333,1,177
Hebei,Mainland China,2020-02-18T23:53:01,306,4,136
Fujian,Mainland China,2020-02-18T09:43:08,292,0,93
Guangxi,Mainland China,2020-02-18T12:33:02,242,2,69
Shaanxi,Mainland China,2020-02-18T14:23:02,240,0,89
Yunnan,Mainland China,2020-02-18T09:43:08,172,0,57
Hainan,Mainland China,2020-02-18T10:43:02,163,4,79
Guizhou,Mainland China,2020-02-18T13:33:02,146,2,66
Shanxi,Mainland China,2020-02-18T23:23:03,131,0,61
Tianjin,Mainland China,2020-02-18T13:53:02,128,3,48
Liaoning,Mainland China,2020-02-18T12:53:02,121,1,53
Gansu,Mainland China,2020-02-18T14:53:02,91,2,62
Jilin,Mainland China,2020-02-18T07:43:02,89,1,36
,Singapore,2020-02-18T16:53:03,81,0,29
Xinjiang,Mainland China,2020-02-18T01:03:15,76,1,12
,Japan,2020-02-18T17:23:04,74,1,13
Inner Mongolia,Mainland China,2020-02-18T02:03:06,73,0,8
Ningxia,Mainland China,2020-02-18T10:23:03,70,0,42
Hong Kong,Hong Kong,2020-02-18T23:43:02,62,1,2
,Thailand,2020-02-17T07:33:02,35,0,15
,South Korea,2020-02-18T03:43:02,31,0,12
,Malaysia,2020-02-18T16:23:02,22,0,13
Taiwan,Taiwan,2020-02-17T15:43:02,22,1,2
Qinghai,Mainland China,2020-02-18T07:43:02,18,0,15
,Germany,2020-02-18T17:03:03,16,0,12
,Vietnam,2020-02-13T06:33:02,16,0,7
,France,2020-02-15T20:53:02,12,1,4
Macau,Macau,2020-02-16T12:03:06,10,0,5
,UK,2020-02-16T16:23:06,9,0,8
,United Arab Emirates,2020-02-16T20:43:02,9,0,4
Queensland,Australia,2020-02-09T19:33:02,5,0,0
British Columbia,Canada,2020-02-17T08:03:07,5,0,0
New South Wales,Australia,2020-02-13T17:53:03,4,0,4
Victoria,Australia,2020-02-13T17:53:03,4,0,4
,India,2020-02-16T07:43:02,3,0,3
,Italy,2020-02-07T17:53:02,3,0,0
,Philippines,2020-02-12T07:43:02,3,1,1
South Australia,Australia,2020-02-17T08:13:09,2,0,2
"Toronto, ON",Canada,2020-02-04T00:13:06,2,0,0
,Russia,2020-02-12T14:43:03,2,0,2
,Spain,2020-02-15T17:23:04,2,0,2
"Chicago, IL",US,2020-02-09T19:03:03,2,0,2
"San Benito, CA",US,2020-02-03T03:53:02,2,0,0
"San Diego County, CA",US,2020-02-13T03:13:08,2,0,0
"Santa Clara, CA",US,2020-02-03T00:43:02,2,0,0
,Belgium,2020-02-17T04:23:06,1,0,1
,Cambodia,2020-02-12T07:43:02,1,0,1
"London, ON",Canada,2020-02-12T18:53:03,1,0,1
,Egypt,2020-02-14T23:53:02,1,0,0
,Finland,2020-02-12T00:03:12,1,0,1
Tibet,Mainland China,2020-02-12T06:43:02,1,0,1
,Nepal,2020-02-12T14:43:03,1,0,1
,Sri Lanka,2020-02-08T03:43:03,1,0,1
,Sweden,2020-02-01T02:13:26,1,0,0
"Boston, MA",US,2020-02-01T19:43:03,1,0,0
"Los Angeles, CA",US,2020-02-01T19:53:03,1,0,0
"Madison, WI",US,2020-02-05T21:53:02,1,0,0
"Orange, CA",US,2020-02-01T19:53:03,1,0,0
"San Antonio, TX",US,2020-02-13T18:53:02,1,0,0
"Seattle, WA",US,2020-02-09T07:03:04,1,0,1
"Tempe, AZ",US,2020-02-01T19:43:03,1,0,0Province/State,Country/Region,Last Update,Confirmed,Deaths,Recovered
Hubei,Mainland China,2020-02-19T23:23:02,62031,2029,10337
Guangdong,Mainland China,2020-02-19T10:23:02,1331,5,606
Henan,Mainland China,2020-02-19T12:13:08,1262,19,573
Zhejiang,Mainland China,2020-02-19T11:33:02,1174,0,604
Hunan,Mainland China,2020-02-19T11:33:02,1008,4,561
Anhui,Mainland China,2020-02-19T14:13:03,986,6,413
Jiangxi,Mainland China,2020-02-19T01:23:07,934,1,362
Jiangsu,Mainland China,2020-02-19T12:13:08,631,0,318
Diamond Princess cruise ship,Others,2020-02-19T20:33:02,621,0,1
Chongqing,Mainland China,2020-02-19T23:23:02,560,5,274
Shandong,Mainland China,2020-02-19T12:03:07,544,3,231
Sichuan,Mainland China,2020-02-19T13:53:02,514,3,188
Heilongjiang,Mainland China,2020-02-19T11:03:08,470,12,120
Beijing,Mainland China,2020-02-19T04:53:02,393,4,145
Shanghai,Mainland China,2020-02-19T04:43:02,333,2,186
Hebei,Mainland China,2020-02-19T13:23:02,306,4,152
Fujian,Mainland China,2020-02-19T11:53:02,293,0,112
Guangxi,Mainland China,2020-02-19T09:13:12,244,2,86
Shaanxi,Mainland China,2020-02-19T10:23:02,242,0,102
Yunnan,Mainland China,2020-02-19T23:33:02,172,1,60
Hainan,Mainland China,2020-02-19T23:43:02,168,4,84
Guizhou,Mainland China,2020-02-19T10:53:02,146,2,70
Shanxi,Mainland China,2020-02-19T23:53:02,131,0,68
Tianjin,Mainland China,2020-02-19T13:03:03,130,3,54
Liaoning,Mainland China,2020-02-19T01:23:07,121,1,55
Gansu,Mainland China,2020-02-19T13:53:02,91,2,65
Jilin,Mainland China,2020-02-19T06:03:08,90,1,37
,Japan,2020-02-19T20:33:02,84,1,18
,Singapore,2020-02-19T22:13:08,84,0,34
Xinjiang,Mainland China,2020-02-19T07:03:07,76,1,20
Inner Mongolia,Mainland China,2020-02-19T11:03:08,75,0,10
Ningxia,Mainland China,2020-02-19T01:53:02,71,0,42
Hong Kong,Hong Kong,2020-02-19T12:13:08,63,2,5
,Thailand,2020-02-17T07:33:02,35,0,15
,South Korea,2020-02-18T03:43:02,31,0,12
Taiwan,Taiwan,2020-02-19T07:53:02,23,1,2
,Malaysia,2020-02-19T09:33:03,22,0,15
Qinghai,Mainland China,2020-02-19T04:53:02,18,0,16
,Germany,2020-02-18T17:03:03,16,0,12
,Vietnam,2020-02-13T06:33:02,16,0,7
,France,2020-02-15T20:53:02,12,1,4
Macau,Macau,2020-02-16T12:03:06,10,0,5
,UK,2020-02-16T16:23:06,9,0,8
,United Arab Emirates,2020-02-16T20:43:02,9,0,4
Queensland,Australia,2020-02-09T19:33:02,5,0,0
British Columbia,Canada,2020-02-17T08:03:07,5,0,0
New South Wales,Australia,2020-02-13T17:53:03,4,0,4
Victoria,Australia,2020-02-13T17:53:03,4,0,4
,India,2020-02-16T07:43:02,3,0,3
,Italy,2020-02-07T17:53:02,3,0,0
,Philippines,2020-02-12T07:43:02,3,1,1
South Australia,Australia,2020-02-17T08:13:09,2,0,2
"Toronto, ON",Canada,2020-02-04T00:13:06,2,0,0
,Iran,2020-02-19T23:43:02,2,2,0
,Russia,2020-02-12T14:43:03,2,0,2
,Spain,2020-02-15T17:23:04,2,0,2
"Chicago, IL",US,2020-02-09T19:03:03,2,0,2
"San Benito, CA",US,2020-02-03T03:53:02,2,0,0
"San Diego County, CA",US,2020-02-13T03:13:08,2,0,0
"Santa Clara, CA",US,2020-02-03T00:43:02,2,0,0
,Belgium,2020-02-17T04:23:06,1,0,1
,Cambodia,2020-02-12T07:43:02,1,0,1
"London, ON",Canada,2020-02-12T18:53:03,1,0,1
,Egypt,2020-02-14T23:53:02,1,0,0
,Finland,2020-02-12T00:03:12,1,0,1
Tibet,Mainland China,2020-02-12T06:43:02,1,0,1
,Nepal,2020-02-12T14:43:03,1,0,1
,Sri Lanka,2020-02-08T03:43:03,1,0,1
,Sweden,2020-02-01T02:13:26,1,0,0
"Boston, MA",US,2020-02-01T19:43:03,1,0,0
"Los Angeles, CA",US,2020-02-01T19:53:03,1,0,0
"Madison, WI",US,2020-02-05T21:53:02,1,0,0
"Orange, CA",US,2020-02-01T19:53:03,1,0,0
"San Antonio, TX",US,2020-02-13T18:53:02,1,0,0
"Seattle, WA",US,2020-02-09T07:03:04,1,0,1
"Tempe, AZ",US,2020-02-01T19:43:03,1,0,0
Province/State,Country/Region,Last Update,Confirmed,Deaths,Recovered
Hubei,Mainland China,2020-02-20T23:43:02,62442,2144,11788
Guangdong,Mainland China,2020-02-20T11:13:27,1332,5,642
Henan,Mainland China,2020-02-20T13:53:06,1265,19,637
Zhejiang,Mainland China,2020-02-20T11:13:27,1175,1,633
Hunan,Mainland China,2020-02-20T11:13:27,1010,4,634
Anhui,Mainland China,2020-02-20T09:53:02,987,6,474
Jiangxi,Mainland China,2020-02-20T05:23:02,934,1,433
Diamond Princess cruise ship,Others,2020-02-20T15:53:03,634,2,1
Jiangsu,Mainland China,2020-02-20T12:53:02,631,0,356
Chongqing,Mainland China,2020-02-20T23:13:05,567,6,299
Shandong,Mainland China,2020-02-20T11:13:27,546,4,254
Sichuan,Mainland China,2020-02-20T09:53:02,520,3,217
Heilongjiang,Mainland China,2020-02-20T09:43:01,476,12,136
Beijing,Mainland China,2020-02-20T01:43:01,395,4,153
Shanghai,Mainland China,2020-02-20T06:03:03,334,2,199
Hebei,Mainland China,2020-02-20T11:13:27,307,5,169
Fujian,Mainland China,2020-02-20T12:23:02,293,1,126
Guangxi,Mainland China,2020-02-20T09:43:01,245,2,90
Shaanxi,Mainland China,2020-02-20T09:53:02,245,1,118
Yunnan,Mainland China,2020-02-20T23:13:05,174,2,79
Hainan,Mainland China,2020-02-20T09:53:02,168,4,86
Guizhou,Mainland China,2020-02-20T09:43:01,146,2,72
Shanxi,Mainland China,2020-02-20T23:13:05,132,0,76
Tianjin,Mainland China,2020-02-20T12:53:02,131,3,59
Liaoning,Mainland China,2020-02-20T06:23:02,121,1,59
,South Korea,2020-02-20T09:53:02,104,1,16
,Japan,2020-02-20T15:53:03,94,1,18
Gansu,Mainland China,2020-02-20T14:13:17,91,2,71
Jilin,Mainland China,2020-02-20T09:43:01,91,1,43
,Singapore,2020-02-19T22:13:08,84,0,34
Xinjiang,Mainland China,2020-02-20T13:33:02,76,1,22
Inner Mongolia,Mainland China,2020-02-20T12:53:02,75,0,16
Ningxia,Mainland China,2020-02-20T05:23:02,71,0,44
Hong Kong,Hong Kong,2020-02-20T23:13:05,68,2,6
,Thailand,2020-02-17T07:33:02,35,0,15
Taiwan,Taiwan,2020-02-20T02:13:19,24,1,2
,Malaysia,2020-02-19T09:33:03,22,0,15
Qinghai,Mainland China,2020-02-19T04:53:02,18,0,16
,Germany,2020-02-18T17:03:03,16,0,12
,Vietnam,2020-02-13T06:33:02,16,0,7
,France,2020-02-15T20:53:02,12,1,4
Macau,Macau,2020-02-20T02:13:19,10,0,6
,UK,2020-02-16T16:23:06,9,0,8
,United Arab Emirates,2020-02-16T20:43:02,9,0,4
Queensland,Australia,2020-02-09T19:33:02,5,0,0
British Columbia,Canada,2020-02-17T08:03:07,5,0,0
,Iran,2020-02-20T17:33:02,5,2,0
New South Wales,Australia,2020-02-13T17:53:03,4,0,4
Victoria,Australia,2020-02-13T17:53:03,4,0,4
,India,2020-02-16T07:43:02,3,0,3
,Italy,2020-02-07T17:53:02,3,0,0
,Philippines,2020-02-12T07:43:02,3,1,1
South Australia,Australia,2020-02-17T08:13:09,2,0,2
"Toronto, ON",Canada,2020-02-04T00:13:06,2,0,0
,Russia,2020-02-12T14:43:03,2,0,2
,Spain,2020-02-15T17:23:04,2,0,2
"Chicago, IL",US,2020-02-09T19:03:03,2,0,2
"San Benito, CA",US,2020-02-03T03:53:02,2,0,0
"San Diego County, CA",US,2020-02-13T03:13:08,2,0,0
"Santa Clara, CA",US,2020-02-03T00:43:02,2,0,0
,Belgium,2020-02-17T04:23:06,1,0,1
,Cambodia,2020-02-12T07:43:02,1,0,1
"London, ON",Canada,2020-02-12T18:53:03,1,0,1
,Egypt,2020-02-14T23:53:02,1,0,0
,Finland,2020-02-12T00:03:12,1,0,1
Tibet,Mainland China,2020-02-12T06:43:02,1,0,1
,Nepal,2020-02-12T14:43:03,1,0,1
,Sri Lanka,2020-02-08T03:43:03,1,0,1
,Sweden,2020-02-01T02:13:26,1,0,0
"Boston, MA",US,2020-02-01T19:43:03,1,0,0
"Los Angeles, CA",US,2020-02-01T19:53:03,1,0,0
"Madison, WI",US,2020-02-05T21:53:02,1,0,0
"Orange, CA",US,2020-02-01T19:53:03,1,0,0
"San Antonio, TX",US,2020-02-13T18:53:02,1,0,0
"Seattle, WA",US,2020-02-09T07:03:04,1,0,1
"Tempe, AZ",US,2020-02-01T19:43:03,1,0,0
Province/State,Country/Region,Last Update,Confirmed,Deaths,Recovered
Hubei,Mainland China,2020-02-21T13:03:09,62662,2144,11881
Guangdong,Mainland China,2020-02-21T10:13:09,1333,5,690
Henan,Mainland China,2020-02-21T13:43:02,1267,19,736
Zhejiang,Mainland China,2020-02-21T10:23:02,1203,1,679
Hunan,Mainland China,2020-02-21T15:13:07,1011,4,661
Anhui,Mainland China,2020-02-21T10:13:09,988,6,539
Jiangxi,Mainland China,2020-02-21T01:13:05,934,1,489
Shandong,Mainland China,2020-02-21T10:23:02,749,4,281
Diamond Princess cruise ship,Others,2020-02-20T15:53:03,634,2,1
Jiangsu,Mainland China,2020-02-21T11:43:01,631,0,373
Chongqing,Mainland China,2020-02-21T23:13:14,572,6,316
Sichuan,Mainland China,2020-02-21T12:53:01,525,3,231
Heilongjiang,Mainland China,2020-02-21T11:43:01,479,12,175
Beijing,Mainland China,2020-02-21T01:03:09,396,4,169
Shanghai,Mainland China,2020-02-21T05:53:01,334,2,211
Hebei,Mainland China,2020-02-21T12:53:01,308,5,184
Fujian,Mainland China,2020-02-21T11:43:01,293,1,149
Guangxi,Mainland China,2020-02-21T11:43:01,246,2,97
Shaanxi,Mainland China,2020-02-21T11:43:01,245,1,134
,South Korea,2020-02-21T13:43:02,204,2,16
Yunnan,Mainland China,2020-02-21T06:23:04,174,2,96
Hainan,Mainland China,2020-02-21T10:13:09,168,4,95
Guizhou,Mainland China,2020-02-21T12:53:01,146,2,77
Shanxi,Mainland China,2020-02-21T23:33:06,132,0,78
Tianjin,Mainland China,2020-02-21T12:53:01,132,3,62
Liaoning,Mainland China,2020-02-21T01:33:02,121,1,61
,Japan,2020-02-21T19:03:06,105,1,22
Gansu,Mainland China,2020-02-21T15:13:07,91,2,76
Jilin,Mainland China,2020-02-21T10:13:09,91,1,45
,Singapore,2020-02-21T03:43:02,85,0,37
Xinjiang,Mainland China,2020-02-21T13:43:02,76,1,24
Inner Mongolia,Mainland China,2020-02-21T08:03:15,75,0,17
Ningxia,Mainland China,2020-02-21T06:23:04,71,0,48
Hong Kong,Hong Kong,2020-02-21T03:43:02,68,2,5
,Thailand,2020-02-21T18:53:02,35,0,17
Taiwan,Taiwan,2020-02-21T06:53:03,26,1,2
,Malaysia,2020-02-19T09:33:03,22,0,15
,Italy,2020-02-21T23:33:06,20,1,0
,Iran,2020-02-21T18:53:02,18,4,0
Qinghai,Mainland China,2020-02-21T04:43:02,18,0,18
,Germany,2020-02-21T23:03:13,16,0,14
,Vietnam,2020-02-21T06:03:04,16,0,14
,France,2020-02-15T20:53:02,12,1,4
"Ashland, NE",US,2020-02-21T23:23:06,11,0,0
Macau,Macau,2020-02-20T02:13:19,10,0,6
,UK,2020-02-16T16:23:06,9,0,8
,United Arab Emirates,2020-02-16T20:43:02,9,0,4
British Columbia,Canada,2020-02-21T05:23:04,6,0,0
Queensland,Australia,2020-02-21T05:43:02,5,0,1
"Travis, CA",US,2020-02-21T23:23:06,5,0,0
From Diamond Princess,Australia,2020-02-21T23:03:13,4,0,0
New South Wales,Australia,2020-02-13T17:53:03,4,0,4
Victoria,Australia,2020-02-13T17:53:03,4,0,4
,India,2020-02-16T07:43:02,3,0,3
,Philippines,2020-02-12T07:43:02,3,1,1
South Australia,Australia,2020-02-17T08:13:09,2,0,2
"Toronto, ON",Canada,2020-02-21T05:23:04,2,0,2
,Russia,2020-02-12T14:43:03,2,0,2
,Spain,2020-02-15T17:23:04,2,0,2
"Chicago, IL",US,2020-02-09T19:03:03,2,0,2
"Lackland, TX",US,2020-02-21T23:23:06,2,0,0
"San Benito, CA",US,2020-02-03T03:53:02,2,0,0
"San Diego County, CA",US,2020-02-21T05:43:02,2,0,1
"Santa Clara, CA",US,2020-02-21T05:23:04,2,0,1
,Belgium,2020-02-17T04:23:06,1,0,1
,Cambodia,2020-02-12T07:43:02,1,0,1
"London, ON",Canada,2020-02-12T18:53:03,1,0,1
,Egypt,2020-02-21T18:53:02,1,0,0
,Finland,2020-02-12T00:03:12,1,0,1
From Diamond Princess,Israel,2020-02-21T15:33:03,1,0,0
None,Lebanon,2020-02-21T15:33:03,1,0,0
Tibet,Mainland China,2020-02-12T06:43:02,1,0,1
,Nepal,2020-02-12T14:43:03,1,0,1
,Sri Lanka,2020-02-08T03:43:03,1,0,1
,Sweden,2020-02-01T02:13:26,1,0,0
"Boston, MA",US,2020-02-01T19:43:03,1,0,0
"Humboldt County, CA",US,2020-02-21T05:13:09,1,0,0
"Los Angeles, CA",US,2020-02-01T19:53:03,1,0,0
"Madison, WI",US,2020-02-05T21:53:02,1,0,0
"Orange, CA",US,2020-02-01T19:53:03,1,0,0
"Sacramento County, CA",US,2020-02-21T23:13:16,1,0,0
"San Antonio, TX",US,2020-02-13T18:53:02,1,0,0
"Seattle, WA",US,2020-02-09T07:03:04,1,0,1
"Tempe, AZ",US,2020-02-01T19:43:03,1,0,0
Province/State,Country/Region,Last Update,Confirmed,Deaths,Recovered
Hubei,Mainland China,2020-02-22T23:33:06,64084,2346,15299
Guangdong,Mainland China,2020-02-22T10:03:04,1339,5,728
Henan,Mainland China,2020-02-22T14:13:38,1270,19,830
Zhejiang,Mainland China,2020-02-22T11:13:13,1205,1,719
Hunan,Mainland China,2020-02-22T10:03:04,1013,4,692
Anhui,Mainland China,2020-02-22T07:43:03,989,6,597
Jiangxi,Mainland China,2020-02-22T06:13:05,934,1,555
Shandong,Mainland China,2020-02-22T09:43:02,750,4,302
Diamond Princess cruise ship,Others,2020-02-20T15:53:03,634,2,1
Jiangsu,Mainland China,2020-02-22T07:43:03,631,0,401
Chongqing,Mainland China,2020-02-22T23:23:05,573,6,328
Sichuan,Mainland China,2020-02-22T13:03:03,526,3,250
Heilongjiang,Mainland China,2020-02-22T11:13:13,479,12,204
,South Korea,2020-02-22T08:33:02,433,2,16
Beijing,Mainland China,2020-02-22T02:23:05,399,4,178
Shanghai,Mainland China,2020-02-22T06:33:17,335,3,227
Hebei,Mainland China,2020-02-22T12:33:04,309,6,203
Fujian,Mainland China,2020-02-22T14:03:04,293,1,162
Guangxi,Mainland China,2020-02-22T05:53:02,249,2,104
Shaanxi,Mainland China,2020-02-22T09:53:02,245,1,149
Yunnan,Mainland China,2020-02-22T04:43:02,174,2,107
Hainan,Mainland China,2020-02-22T09:53:02,168,4,104
Guizhou,Mainland China,2020-02-22T01:03:10,146,2,90
Tianjin,Mainland China,2020-02-22T12:33:04,135,3,65
Shanxi,Mainland China,2020-02-22T23:23:05,132,0,81
,Japan,2020-02-22T14:53:02,122,1,22
Liaoning,Mainland China,2020-02-22T02:23:05,121,1,66
Gansu,Mainland China,2020-02-21T15:13:07,91,2,76
Jilin,Mainland China,2020-02-22T12:33:04,91,1,52
,Singapore,2020-02-21T03:43:02,85,0,37
Xinjiang,Mainland China,2020-02-22T11:13:14,76,2,25
Inner Mongolia,Mainland China,2020-02-22T23:53:01,75,0,26
Ningxia,Mainland China,2020-02-21T06:23:04,71,0,48
Hong Kong,Hong Kong,2020-02-22T13:23:05,69,2,6
,Italy,2020-02-22T23:43:02,62,2,1
,Thailand,2020-02-21T18:53:02,35,0,17
,Iran,2020-02-22T10:03:05,28,5,0
Taiwan,Taiwan,2020-02-21T06:53:03,26,1,2
,Malaysia,2020-02-19T09:33:03,22,0,15
Qinghai,Mainland China,2020-02-21T04:43:02,18,0,18
,Germany,2020-02-21T23:03:13,16,0,14
,Vietnam,2020-02-21T06:03:04,16,0,14
,United Arab Emirates,2020-02-22T14:53:02,13,0,4
,France,2020-02-15T20:53:02,12,1,4
"Omaha, NE (From Diamond Princess)",US,2020-02-22T23:03:09,11,0,0
Macau,Macau,2020-02-20T02:13:19,10,0,6
,UK,2020-02-16T16:23:06,9,0,8
From Diamond Princess,Australia,2020-02-22T17:03:05,7,0,0
British Columbia,Canada,2020-02-21T05:23:04,6,0,0
Queensland,Australia,2020-02-21T05:43:02,5,0,1
"Travis, CA (From Diamond Princess)",US,2020-02-22T17:13:24,5,0,0
New South Wales,Australia,2020-02-13T17:53:03,4,0,4
Victoria,Australia,2020-02-13T17:53:03,4,0,4
,India,2020-02-16T07:43:02,3,0,3
,Philippines,2020-02-12T07:43:02,3,1,1
South Australia,Australia,2020-02-17T08:13:09,2,0,2
"Toronto, ON",Canada,2020-02-21T05:23:04,2,0,2
,Russia,2020-02-12T14:43:03,2,0,2
,Spain,2020-02-15T17:23:04,2,0,2
"Chicago, IL",US,2020-02-09T19:03:03,2,0,2
"Lackland, TX (From Diamond Princess)",US,2020-02-22T17:13:24,2,0,0
"San Benito, CA",US,2020-02-03T03:53:02,2,0,0
"San Diego County, CA",US,2020-02-21T05:43:02,2,0,1
"Santa Clara, CA",US,2020-02-21T05:23:04,2,0,1
,Belgium,2020-02-17T04:23:06,1,0,1
,Cambodia,2020-02-12T07:43:02,1,0,1
"London, ON",Canada,2020-02-12T18:53:03,1,0,1
,Egypt,2020-02-21T18:53:02,1,0,0
,Finland,2020-02-12T00:03:12,1,0,1
From Diamond Princess,Israel,2020-02-22T20:53:02,1,0,0
,Lebanon,2020-02-22T20:53:02,1,0,0
Tibet,Mainland China,2020-02-12T06:43:02,1,0,1
,Nepal,2020-02-12T14:43:03,1,0,1
,Sri Lanka,2020-02-08T03:43:03,1,0,1
,Sweden,2020-02-01T02:13:26,1,0,0
"Boston, MA",US,2020-02-01T19:43:03,1,0,0
"Humboldt County, CA",US,2020-02-21T05:13:09,1,0,0
"Los Angeles, CA",US,2020-02-01T19:53:03,1,0,0
"Madison, WI",US,2020-02-05T21:53:02,1,0,0
"Orange, CA",US,2020-02-01T19:53:03,1,0,0
"Sacramento County, CA",US,2020-02-21T23:13:16,1,0,0
"San Antonio, TX",US,2020-02-13T18:53:02,1,0,0
"Seattle, WA",US,2020-02-09T07:03:04,1,0,1
"Tempe, AZ",US,2020-02-01T19:43:03,1,0,0
Province/State,Country/Region,Last Update,Confirmed,Deaths,Recovered
Hubei,Mainland China,2020-02-23T11:33:03,64084,2346,15343
Guangdong,Mainland China,2020-02-23T08:53:02,1342,6,755
Henan,Mainland China,2020-02-23T10:23:02,1271,19,868
Zhejiang,Mainland China,2020-02-23T13:43:02,1205,1,760
Hunan,Mainland China,2020-02-23T10:33:03,1016,4,714
Anhui,Mainland China,2020-02-23T10:53:02,989,6,637
Jiangxi,Mainland China,2020-02-23T09:23:02,934,1,613
Shandong,Mainland China,2020-02-23T11:33:03,754,4,321
Diamond Princess cruise ship,Others,2020-02-23T22:33:03,691,3,0
Jiangsu,Mainland China,2020-02-23T08:53:02,631,0,418
,South Korea,2020-02-23T23:33:07,602,6,18
Chongqing,Mainland China,2020-02-23T23:13:05,575,6,335
Sichuan,Mainland China,2020-02-23T08:53:02,526,3,261
Heilongjiang,Mainland China,2020-02-23T13:43:02,480,12,222
Beijing,Mainland China,2020-02-23T01:13:13,399,4,189
Shanghai,Mainland China,2020-02-23T03:13:07,335,3,249
Hebei,Mainland China,2020-02-23T11:33:03,311,6,219
Fujian,Mainland China,2020-02-23T10:33:03,293,1,170
Guangxi,Mainland China,2020-02-23T10:33:03,249,2,106
Shaanxi,Mainland China,2020-02-23T12:13:14,245,1,163
Yunnan,Mainland China,2020-02-23T05:33:03,174,2,115
Hainan,Mainland China,2020-02-23T23:23:03,168,5,106
,Italy,2020-02-23T23:43:02,155,3,2
,Japan,2020-02-23T23:33:07,147,1,22
Guizhou,Mainland China,2020-02-23T12:43:02,146,2,102
Tianjin,Mainland China,2020-02-23T12:43:02,135,3,81
Shanxi,Mainland China,2020-02-23T23:03:08,132,0,88
Liaoning,Mainland China,2020-02-23T13:33:02,121,1,73
Gansu,Mainland China,2020-02-23T13:23:06,91,2,78
Jilin,Mainland China,2020-02-23T12:43:02,91,1,54
,Singapore,2020-02-23T15:13:15,89,0,51
Xinjiang,Mainland China,2020-02-23T14:43:04,76,2,28
Inner Mongolia,Mainland China,2020-02-23T09:43:02,75,0,27
Hong Kong,Hong Kong,2020-02-23T09:53:02,74,2,11
Ningxia,Mainland China,2020-02-23T05:33:03,71,0,56
,Iran,2020-02-23T15:13:15,43,8,0
,Thailand,2020-02-23T15:03:05,35,0,21
Taiwan,Taiwan,2020-02-23T09:53:02,28,1,2
,Malaysia,2020-02-19T09:33:03,22,0,15
Qinghai,Mainland China,2020-02-21T04:43:02,18,0,18
,Germany,2020-02-21T23:03:13,16,0,14
,Vietnam,2020-02-21T06:03:04,16,0,14
,United Arab Emirates,2020-02-22T14:53:02,13,0,4
,France,2020-02-15T20:53:02,12,1,4
"Omaha, NE (From Diamond Princess)",US,2020-02-22T23:03:09,11,0,0
Macau,Macau,2020-02-20T02:13:19,10,0,6
,UK,2020-02-16T16:23:06,9,0,8
From Diamond Princess,Australia,2020-02-22T17:03:05,7,0,0
British Columbia,Canada,2020-02-21T05:23:04,6,0,0
Queensland,Australia,2020-02-21T05:43:02,5,0,1
"Travis, CA (From Diamond Princess)",US,2020-02-22T17:13:24,5,0,0
New South Wales,Australia,2020-02-13T17:53:03,4,0,4
Victoria,Australia,2020-02-13T17:53:03,4,0,4
,India,2020-02-16T07:43:02,3,0,3
,Philippines,2020-02-12T07:43:02,3,1,1
South Australia,Australia,2020-02-17T08:13:09,2,0,2
"Toronto, ON",Canada,2020-02-21T05:23:04,2,0,2
,Russia,2020-02-12T14:43:03,2,0,2
,Spain,2020-02-15T17:23:04,2,0,2
"Chicago, IL",US,2020-02-09T19:03:03,2,0,2
"Lackland, TX (From Diamond Princess)",US,2020-02-22T17:13:24,2,0,0
"San Benito, CA",US,2020-02-03T03:53:02,2,0,0
"San Diego County, CA",US,2020-02-21T05:43:02,2,0,1
"Santa Clara, CA",US,2020-02-21T05:23:04,2,0,1
,Belgium,2020-02-17T04:23:06,1,0,1
,Cambodia,2020-02-12T07:43:02,1,0,1
"London, ON",Canada,2020-02-12T18:53:03,1,0,1
,Egypt,2020-02-21T18:53:02,1,0,0
,Finland,2020-02-12T00:03:12,1,0,1
From Diamond Princess,Israel,2020-02-22T20:53:02,1,0,0
,Lebanon,2020-02-22T20:53:02,1,0,0
Tibet,Mainland China,2020-02-12T06:43:02,1,0,1
,Nepal,2020-02-12T14:43:03,1,0,1
,Sri Lanka,2020-02-08T03:43:03,1,0,1
,Sweden,2020-02-01T02:13:26,1,0,0
"Boston, MA",US,2020-02-01T19:43:03,1,0,0
"Humboldt County, CA",US,2020-02-21T05:13:09,1,0,0
"Los Angeles, CA",US,2020-02-01T19:53:03,1,0,0
"Madison, WI",US,2020-02-05T21:53:02,1,0,0
"Orange, CA",US,2020-02-01T19:53:03,1,0,0
"Sacramento County, CA",US,2020-02-21T23:13:16,1,0,0
"San Antonio, TX",US,2020-02-13T18:53:02,1,0,0
"Seattle, WA",US,2020-02-09T07:03:04,1,0,1
"Tempe, AZ",US,2020-02-01T19:43:03,1,0,0
None,Iraq,2020-02-23T18:23:06,0,0,0
Province/State,Country/Region,Last Update,Confirmed,Deaths,Recovered
Hubei,Mainland China,2020-02-24T11:13:09,64287,2495,16748
Guangdong,Mainland China,2020-02-24T10:23:02,1345,6,786
Henan,Mainland China,2020-02-24T13:23:05,1271,19,943
Zhejiang,Mainland China,2020-02-24T09:43:02,1205,1,782
Hunan,Mainland China,2020-02-24T14:13:11,1016,4,731
Anhui,Mainland China,2020-02-24T09:43:02,989,6,663
Jiangxi,Mainland China,2020-02-24T01:23:09,934,1,645
,South Korea,2020-02-24T11:13:10,833,8,18
Shandong,Mainland China,2020-02-24T10:23:02,755,5,343
Diamond Princess cruise ship,Others,2020-02-23T22:33:03,691,3,0
Jiangsu,Mainland China,2020-02-24T14:53:02,631,0,452
Chongqing,Mainland China,2020-02-24T23:23:01,576,6,349
Sichuan,Mainland China,2020-02-24T14:13:11,527,3,276
Heilongjiang,Mainland China,2020-02-24T14:53:02,480,12,227
Beijing,Mainland China,2020-02-24T00:53:02,399,4,198
Shanghai,Mainland China,2020-02-24T07:03:06,335,3,261
Hebei,Mainland China,2020-02-24T14:13:11,311,6,234
Fujian,Mainland China,2020-02-24T10:23:02,293,1,183
Guangxi,Mainland China,2020-02-24T06:53:02,251,2,112
Shaanxi,Mainland China,2020-02-24T14:53:02,245,1,173
,Italy,2020-02-24T23:43:01,229,7,1
Yunnan,Mainland China,2020-02-24T23:13:02,174,2,124
Hainan,Mainland China,2020-02-24T14:53:02,168,5,116
,Japan,2020-02-24T14:23:03,159,1,22
Guizhou,Mainland China,2020-02-23T12:43:02,146,2,102
Tianjin,Mainland China,2020-02-24T15:03:05,135,3,87
Shanxi,Mainland China,2020-02-24T23:13:02,133,0,94
Liaoning,Mainland China,2020-02-24T06:53:02,121,1,80
Jilin,Mainland China,2020-02-24T09:43:02,93,1,60
Gansu,Mainland China,2020-02-24T15:13:07,91,2,80
,Singapore,2020-02-23T15:13:15,89,0,51
Hong Kong,Hong Kong,2020-02-24T11:23:06,79,2,19
Xinjiang,Mainland China,2020-02-24T15:03:05,76,2,30
Inner Mongolia,Mainland China,2020-02-24T15:03:05,75,0,34
Ningxia,Mainland China,2020-02-24T06:53:02,71,0,58
,Iran,2020-02-24T11:13:10,61,12,0
Unassigned Location (From Diamond Princess),US,2020-02-24T23:33:02,36,0,0
,Thailand,2020-02-23T15:03:05,35,0,21
Taiwan,Taiwan,2020-02-24T10:13:28,30,1,5
,Malaysia,2020-02-24T11:53:02,22,0,18
Qinghai,Mainland China,2020-02-21T04:43:02,18,0,18
,Germany,2020-02-21T23:03:13,16,0,14
,Vietnam,2020-02-21T06:03:04,16,0,14
,UK,2020-02-24T08:33:02,13,0,8
,United Arab Emirates,2020-02-22T14:53:02,13,0,4
,France,2020-02-15T20:53:02,12,1,4
Macau,Macau,2020-02-20T02:13:19,10,0,6
From Diamond Princess,Australia,2020-02-22T17:03:05,7,0,0
British Columbia,Canada,2020-02-21T05:23:04,6,0,0
Queensland,Australia,2020-02-21T05:43:02,5,0,1
New South Wales,Australia,2020-02-13T17:53:03,4,0,4
Victoria,Australia,2020-02-13T17:53:03,4,0,4
"Toronto, ON",Canada,2020-02-24T14:43:03,3,0,2
,India,2020-02-16T07:43:02,3,0,3
,Philippines,2020-02-12T07:43:02,3,1,1
South Australia,Australia,2020-02-17T08:13:09,2,0,2
,Oman,2020-02-24T23:43:01,2,0,0
,Russia,2020-02-12T14:43:03,2,0,2
,Spain,2020-02-15T17:23:04,2,0,2
"Chicago, IL",US,2020-02-09T19:03:03,2,0,2
"San Benito, CA",US,2020-02-03T03:53:02,2,0,0
"San Diego County, CA",US,2020-02-21T05:43:02,2,0,1
"Santa Clara, CA",US,2020-02-21T05:23:04,2,0,1
,Afghanistan,2020-02-24T23:33:02,1,0,0
,Bahrain,2020-02-24T23:33:02,1,0,0
,Belgium,2020-02-17T04:23:06,1,0,1
,Cambodia,2020-02-12T07:43:02,1,0,1
"London, ON",Canada,2020-02-12T18:53:03,1,0,1
,Egypt,2020-02-21T18:53:02,1,0,0
,Finland,2020-02-12T00:03:12,1,0,1
,Iraq,2020-02-24T23:33:02,1,0,0
From Diamond Princess,Israel,2020-02-22T20:53:02,1,0,0
,Kuwait,2020-02-24T23:33:02,1,0,0
,Lebanon,2020-02-22T20:53:02,1,0,0
Tibet,Mainland China,2020-02-12T06:43:02,1,0,1
,Nepal,2020-02-12T14:43:03,1,0,1
,Sri Lanka,2020-02-08T03:43:03,1,0,1
,Sweden,2020-02-01T02:13:26,1,0,0
"Boston, MA",US,2020-02-01T19:43:03,1,0,0
"Humboldt County, CA",US,2020-02-21T05:13:09,1,0,0
"Los Angeles, CA",US,2020-02-01T19:53:03,1,0,0
"Madison, WI",US,2020-02-05T21:53:02,1,0,0
"Orange, CA",US,2020-02-01T19:53:03,1,0,0
"Sacramento County, CA",US,2020-02-21T23:13:16,1,0,0
"San Antonio, TX",US,2020-02-13T18:53:02,1,0,0
"Seattle, WA",US,2020-02-09T07:03:04,1,0,1
"Tempe, AZ",US,2020-02-01T19:43:03,1,0,0
"Lackland, TX (From Diamond Princess)",US,2020-02-24T23:33:02,0,0,0
"Omaha, NE (From Diamond Princess)",US,2020-02-24T23:33:02,0,0,0
"Travis, CA (From Diamond Princess)",US,2020-02-24T23:33:02,0,0,0
Province/State,Country/Region,Last Update,Confirmed,Deaths,Recovered
Hubei,Mainland China,2020-02-25T15:23:04,64786,2563,18971
Guangdong,Mainland China,2020-02-25T08:53:02,1347,7,822
Henan,Mainland China,2020-02-25T12:43:02,1271,19,1002
Zhejiang,Mainland China,2020-02-25T09:13:05,1205,1,808
Hunan,Mainland China,2020-02-25T15:03:05,1016,4,768
Anhui,Mainland China,2020-02-25T06:33:02,989,6,712
,South Korea,2020-02-25T08:13:19,977,10,22
Jiangxi,Mainland China,2020-02-25T15:03:05,934,1,683
Shandong,Mainland China,2020-02-25T12:53:02,756,6,355
Diamond Princess cruise ship,Others,2020-02-23T22:33:03,691,3,0
Jiangsu,Mainland China,2020-02-25T00:53:02,631,0,458
Chongqing,Mainland China,2020-02-25T23:23:03,576,6,372
Sichuan,Mainland China,2020-02-25T15:03:05,529,3,289
Heilongjiang,Mainland China,2020-02-25T15:23:04,480,12,243
Beijing,Mainland China,2020-02-25T01:33:02,400,4,215
Shanghai,Mainland China,2020-02-25T06:33:02,336,3,268
,Italy,2020-02-25T18:55:32,322,10,1
Hebei,Mainland China,2020-02-25T12:43:02,311,6,248
Fujian,Mainland China,2020-02-25T10:03:07,294,1,199
Guangxi,Mainland China,2020-02-25T10:03:07,252,2,134
Shaanxi,Mainland China,2020-02-25T15:23:04,245,1,186
Yunnan,Mainland China,2020-02-25T04:53:02,174,2,129
,Japan,2020-02-25T14:53:03,170,1,22
Hainan,Mainland China,2020-02-25T12:53:02,168,5,124
Guizhou,Mainland China,2020-02-25T08:03:07,146,2,104
Tianjin,Mainland China,2020-02-25T15:23:04,135,3,91
Shanxi,Mainland China,2020-02-25T23:13:03,133,0,98
Liaoning,Mainland China,2020-02-25T00:23:03,121,1,83
,Iran,2020-02-25T14:53:03,95,16,0
Jilin,Mainland China,2020-02-25T15:23:04,93,1,63
Gansu,Mainland China,2020-02-24T15:13:07,91,2,80
,Singapore,2020-02-25T18:55:32,91,0,53
Hong Kong,Hong Kong,2020-02-25T09:43:02,84,2,19
Xinjiang,Mainland China,2020-02-24T15:03:05,76,2,30
Inner Mongolia,Mainland China,2020-02-25T23:53:02,75,0,35
Ningxia,Mainland China,2020-02-25T03:53:02,71,0,61
,Thailand,2020-02-25T08:53:02,37,0,22
Unassigned Location (From Diamond Princess),US,2020-02-25T21:23:03,36,0,0
Taiwan,Taiwan,2020-02-25T06:53:02,31,1,5
,Bahrain,2020-02-25T18:55:32,23,0,0
,Malaysia,2020-02-24T11:53:02,22,0,18
Qinghai,Mainland China,2020-02-21T04:43:02,18,0,18
,Germany,2020-02-25T21:33:02,17,0,14
,Vietnam,2020-02-25T08:53:02,16,0,16
,France,2020-02-25T21:23:03,14,1,11
,UK,2020-02-24T08:33:02,13,0,8
,United Arab Emirates,2020-02-22T14:53:02,13,0,4
,Kuwait,2020-02-25T23:43:03,11,0,0
Macau,Macau,2020-02-25T15:23:04,10,0,7
From Diamond Princess,Australia,2020-02-22T17:03:05,7,0,0
British Columbia,Canada,2020-02-25T02:23:05,7,0,0
,Spain,2020-02-25T21:33:02,6,0,2
Queensland,Australia,2020-02-21T05:43:02,5,0,1
New South Wales,Australia,2020-02-13T17:53:03,4,0,4
Victoria,Australia,2020-02-13T17:53:03,4,0,4
"Toronto, ON",Canada,2020-02-24T14:43:03,3,0,2
,India,2020-02-16T07:43:02,3,0,3
,Philippines,2020-02-12T07:43:02,3,1,1
South Australia,Australia,2020-02-17T08:13:09,2,0,2
None,Austria,2020-02-25T18:55:32,2,0,0
,Oman,2020-02-25T01:13:09,2,0,0
,Russia,2020-02-12T14:43:03,2,0,2
"Chicago, IL",US,2020-02-09T19:03:03,2,0,2
"San Benito, CA",US,2020-02-03T03:53:02,2,0,0
"San Diego County, CA",US,2020-02-21T05:43:02,2,0,1
"Santa Clara, CA",US,2020-02-21T05:23:04,2,0,1
,Afghanistan,2020-02-24T23:33:02,1,0,0
,Algeria,2020-02-25T23:43:03,1,0,0
,Belgium,2020-02-17T04:23:06,1,0,1
,Cambodia,2020-02-12T07:43:02,1,0,1
"London, ON",Canada,2020-02-12T18:53:03,1,0,1
,Croatia,2020-02-25T18:55:32,1,0,0
,Egypt,2020-02-21T18:53:02,1,0,0
,Finland,2020-02-12T00:03:12,1,0,1
,Iraq,2020-02-24T23:33:02,1,0,0
From Diamond Princess,Israel,2020-02-22T20:53:02,1,0,0
,Lebanon,2020-02-22T20:53:02,1,0,0
Tibet,Mainland China,2020-02-12T06:43:02,1,0,1
,Nepal,2020-02-12T14:43:03,1,0,1
,Sri Lanka,2020-02-08T03:43:03,1,0,1
,Sweden,2020-02-01T02:13:26,1,0,0
,Switzerland,2020-02-25T19:13:21,1,0,0
"Boston, MA",US,2020-02-01T19:43:03,1,0,0
"Humboldt County, CA",US,2020-02-21T05:13:09,1,0,0
"Los Angeles, CA",US,2020-02-01T19:53:03,1,0,0
"Madison, WI",US,2020-02-05T21:53:02,1,0,0
"Orange, CA",US,2020-02-01T19:53:03,1,0,0
"Sacramento County, CA",US,2020-02-21T23:13:16,1,0,0
"San Antonio, TX",US,2020-02-13T18:53:02,1,0,0
"Seattle, WA",US,2020-02-09T07:03:04,1,0,1
"Tempe, AZ",US,2020-02-25T21:23:03,1,0,1
"Lackland, TX (From Diamond Princess)",US,2020-02-24T23:33:02,0,0,0
"Omaha, NE (From Diamond Princess)",US,2020-02-24T23:33:02,0,0,0
"Travis, CA (From Diamond Princess)",US,2020-02-24T23:33:02,0,0,0
Province/State,Country/Region,Last Update,Confirmed,Deaths,Recovered
Hubei,Mainland China,2020-02-26T14:13:10,65187,2615,20969
Guangdong,Mainland China,2020-02-26T10:33:02,1347,7,851
Henan,Mainland China,2020-02-26T10:33:02,1271,19,1033
,South Korea,2020-02-26T11:03:11,1261,12,22
Zhejiang,Mainland China,2020-02-26T10:33:02,1205,1,867
Hunan,Mainland China,2020-02-26T10:13:11,1016,4,783
Anhui,Mainland China,2020-02-26T10:13:11,989,6,744
Jiangxi,Mainland China,2020-02-26T01:13:04,934,1,719
Shandong,Mainland China,2020-02-26T12:43:02,756,6,377
Diamond Princess cruise ship,Others,2020-02-26T19:33:02,705,4,10
Jiangsu,Mainland China,2020-02-26T10:13:11,631,0,478
Chongqing,Mainland China,2020-02-26T23:43:02,576,6,384
Sichuan,Mainland China,2020-02-26T10:13:11,531,3,307
Heilongjiang,Mainland China,2020-02-26T10:33:02,480,12,249
,Italy,2020-02-26T23:43:03,453,12,3
Beijing,Mainland China,2020-02-26T00:53:02,400,4,235
Shanghai,Mainland China,2020-02-26T23:53:01,337,3,272
Hebei,Mainland China,2020-02-26T10:33:02,312,6,261
Fujian,Mainland China,2020-02-26T10:33:02,294,1,218
Guangxi,Mainland China,2020-02-26T14:13:10,252,2,147
Shaanxi,Mainland China,2020-02-26T14:13:10,245,1,192
,Japan,2020-02-26T23:43:03,189,2,22
Yunnan,Mainland China,2020-02-26T05:13:16,174,2,144
Hainan,Mainland China,2020-02-26T12:43:02,168,5,129
Guizhou,Mainland China,2020-02-25T08:03:07,146,2,104
,Iran,2020-02-26T23:43:03,139,19,49
Tianjin,Mainland China,2020-02-26T12:43:02,135,3,96
Shanxi,Mainland China,2020-02-26T14:13:10,133,0,104
Liaoning,Mainland China,2020-02-26T00:13:05,121,1,88
Jilin,Mainland China,2020-02-26T14:13:10,93,1,65
,Singapore,2020-02-26T19:33:02,93,0,62
Hong Kong,Hong Kong,2020-02-26T23:43:02,91,2,24
Gansu,Mainland China,2020-02-26T14:13:10,91,2,81
Xinjiang,Mainland China,2020-02-26T14:23:03,76,2,34
Inner Mongolia,Mainland China,2020-02-26T15:03:05,75,0,38
Ningxia,Mainland China,2020-02-26T03:53:01,71,0,65
Unassigned Location (From Diamond Princess),US,2020-02-26T20:03:06,42,0,0
,Thailand,2020-02-26T07:23:03,40,0,22
,Bahrain,2020-02-26T21:03:07,33,0,0
Taiwan,Taiwan,2020-02-26T12:23:04,32,1,5
,Germany,2020-02-26T23:43:03,27,0,15
,Kuwait,2020-02-26T19:23:04,26,0,0
,Malaysia,2020-02-24T11:53:02,22,0,18
,France,2020-02-26T20:03:06,18,2,11
Qinghai,Mainland China,2020-02-21T04:43:02,18,0,18
,Vietnam,2020-02-25T08:53:02,16,0,16
,Spain,2020-02-26T20:43:02,13,0,2
,UK,2020-02-24T08:33:02,13,0,8
,United Arab Emirates,2020-02-22T14:53:02,13,0,4
Macau,Macau,2020-02-25T15:23:04,10,0,7
From Diamond Princess,Australia,2020-02-22T17:03:05,7,0,0
British Columbia,Canada,2020-02-25T02:23:05,7,0,0
Queensland,Australia,2020-02-21T05:43:02,5,0,1
,Iraq,2020-02-26T04:53:02,5,0,0
New South Wales,Australia,2020-02-13T17:53:03,4,0,4
Victoria,Australia,2020-02-13T17:53:03,4,0,4
,Oman,2020-02-26T04:53:02,4,0,0
"Toronto, ON",Canada,2020-02-24T14:43:03,3,0,2
,Croatia,2020-02-26T20:03:06,3,0,0
,India,2020-02-16T07:43:02,3,0,3
,Philippines,2020-02-12T07:43:02,3,1,1
South Australia,Australia,2020-02-17T08:13:09,2,0,2
,Austria,2020-02-26T00:13:06,2,0,0
,Finland,2020-02-26T19:03:08,2,0,1
,Israel,2020-02-26T20:33:02,2,0,0
,Lebanon,2020-02-26T19:33:02,2,0,0
,Pakistan,2020-02-26T23:53:02,2,0,0
,Russia,2020-02-12T14:43:03,2,0,2
,Sweden,2020-02-26T18:53:02,2,0,0
"Chicago, IL",US,2020-02-09T19:03:03,2,0,2
"San Benito, CA",US,2020-02-03T03:53:02,2,0,0
"San Diego County, CA",US,2020-02-21T05:43:02,2,0,1
"Santa Clara, CA",US,2020-02-21T05:23:04,2,0,1
,Afghanistan,2020-02-24T23:33:02,1,0,0
,Algeria,2020-02-25T23:43:03,1,0,0
,Belgium,2020-02-17T04:23:06,1,0,1
,Brazil,2020-02-26T23:53:02,1,0,0
,Cambodia,2020-02-12T07:43:02,1,0,1
"London, ON",Canada,2020-02-12T18:53:03,1,0,1
,Egypt,2020-02-21T18:53:02,1,0,0
,Georgia,2020-02-26T19:03:08,1,0,0
,Greece,2020-02-26T15:53:05,1,0,0
Tibet,Mainland China,2020-02-12T06:43:02,1,0,1
,Nepal,2020-02-12T14:43:03,1,0,1
,North Macedonia,2020-02-26T19:03:08,1,0,0
,Norway,2020-02-26T20:23:12,1,0,0
,Romania,2020-02-26T23:43:03,1,0,0
,Sri Lanka,2020-02-08T03:43:03,1,0,1
,Switzerland,2020-02-25T19:13:21,1,0,0
"Boston, MA",US,2020-02-01T19:43:03,1,0,0
"Humboldt County, CA",US,2020-02-21T05:13:09,1,0,0
"Los Angeles, CA",US,2020-02-01T19:53:03,1,0,0
"Madison, WI",US,2020-02-05T21:53:02,1,0,0
"Orange, CA",US,2020-02-01T19:53:03,1,0,0
"Sacramento County, CA",US,2020-02-21T23:13:16,1,0,0
"San Antonio, TX",US,2020-02-13T18:53:02,1,0,0
"Seattle, WA",US,2020-02-09T07:03:04,1,0,1
"Tempe, AZ",US,2020-02-25T21:23:03,1,0,1
"Lackland, TX (From Diamond Princess)",US,2020-02-24T23:33:02,0,0,0
"Omaha, NE (From Diamond Princess)",US,2020-02-24T23:33:02,0,0,0
"Travis, CA (From Diamond Princess)",US,2020-02-24T23:33:02,0,0,0
Province/State,Country/Region,Last Update,Confirmed,Deaths,Recovered
Hubei,Mainland China,2020-02-27T12:13:14,65596,2641,23383
,South Korea,2020-02-27T12:03:04,1766,13,22
Guangdong,Mainland China,2020-02-27T09:53:02,1347,7,890
Henan,Mainland China,2020-02-27T15:03:11,1272,20,1068
Zhejiang,Mainland China,2020-02-27T12:43:02,1205,1,932
Hunan,Mainland China,2020-02-27T12:43:02,1017,4,804
Anhui,Mainland China,2020-02-27T14:13:06,989,6,792
Jiangxi,Mainland China,2020-02-27T01:43:02,934,1,754
Shandong,Mainland China,2020-02-27T14:13:06,756,6,387
Diamond Princess cruise ship,Others,2020-02-26T19:33:02,705,4,10
,Italy,2020-02-27T23:23:02,655,17,45
Jiangsu,Mainland China,2020-02-27T14:13:06,631,0,498
Chongqing,Mainland China,2020-02-27T23:23:02,576,6,401
Sichuan,Mainland China,2020-02-27T12:43:02,534,3,321
Heilongjiang,Mainland China,2020-02-27T12:43:02,480,13,270
Beijing,Mainland China,2020-02-27T02:23:13,410,5,248
Shanghai,Mainland China,2020-02-27T04:03:12,337,3,276
Hebei,Mainland China,2020-02-27T12:43:02,317,6,274
Fujian,Mainland China,2020-02-27T10:03:07,296,1,228
Guangxi,Mainland China,2020-02-27T10:03:07,252,2,161
,Iran,2020-02-27T12:03:04,245,26,49
Shaanxi,Mainland China,2020-02-27T12:43:02,245,1,195
,Japan,2020-02-27T23:33:02,214,4,22
Yunnan,Mainland China,2020-02-27T10:03:07,174,2,150
Hainan,Mainland China,2020-02-27T10:03:07,168,5,131
Guizhou,Mainland China,2020-02-27T00:43:02,146,2,112
Tianjin,Mainland China,2020-02-27T23:13:04,136,3,102
Shanxi,Mainland China,2020-02-27T23:13:04,133,0,107
Liaoning,Mainland China,2020-02-27T14:13:06,121,1,93
Jilin,Mainland China,2020-02-27T12:43:02,93,1,67
,Singapore,2020-02-26T19:33:02,93,0,62
Hong Kong,Hong Kong,2020-02-27T09:53:02,92,2,24
Gansu,Mainland China,2020-02-26T14:13:10,91,2,81
Xinjiang,Mainland China,2020-02-27T12:43:02,76,2,43
Inner Mongolia,Mainland China,2020-02-27T23:33:02,75,0,43
Ningxia,Mainland China,2020-02-27T10:03:07,72,0,68
,Germany,2020-02-27T23:13:04,46,0,16
,Kuwait,2020-02-27T13:33:03,43,0,0
Unassigned Location (From Diamond Princess),US,2020-02-26T20:03:06,42,0,0
,Thailand,2020-02-26T07:23:03,40,0,22
,France,2020-02-27T22:13:10,38,2,11
,Bahrain,2020-02-26T21:03:07,33,0,0
Taiwan,Taiwan,2020-02-26T12:23:04,32,1,5
,Malaysia,2020-02-27T15:13:13,23,0,18
Qinghai,Mainland China,2020-02-21T04:43:02,18,0,18
,Vietnam,2020-02-25T08:53:02,16,0,16
,Spain,2020-02-27T13:23:02,15,0,2
,UK,2020-02-27T13:23:02,15,0,8
,United Arab Emirates,2020-02-22T14:53:02,13,0,4
Macau,Macau,2020-02-27T12:43:02,10,0,8
From Diamond Princess,Australia,2020-02-27T03:33:06,8,0,0
,Switzerland,2020-02-27T23:03:11,8,0,0
British Columbia,Canada,2020-02-27T03:33:06,7,0,3
,Iraq,2020-02-27T22:23:11,7,0,0
,Sweden,2020-02-27T20:33:02,7,0,0
Queensland,Australia,2020-02-21T05:43:02,5,0,1
"Toronto, ON",Canada,2020-02-27T22:43:02,5,0,2
New South Wales,Australia,2020-02-13T17:53:03,4,0,4
Victoria,Australia,2020-02-13T17:53:03,4,0,4
,Oman,2020-02-26T04:53:02,4,0,0
,Austria,2020-02-27T14:03:03,3,0,0
,Croatia,2020-02-26T20:03:06,3,0,0
,Greece,2020-02-27T14:03:03,3,0,0
,India,2020-02-16T07:43:02,3,0,3
,Israel,2020-02-27T14:03:03,3,0,1
,Philippines,2020-02-12T07:43:02,3,1,1
South Australia,Australia,2020-02-17T08:13:09,2,0,2
,Finland,2020-02-26T19:03:08,2,0,1
,Lebanon,2020-02-26T19:33:02,2,0,0
,Pakistan,2020-02-26T23:53:02,2,0,0
,Russia,2020-02-12T14:43:03,2,0,2
"Chicago, IL",US,2020-02-09T19:03:03,2,0,2
"Sacramento County, CA",US,2020-02-27T20:33:02,2,0,0
"San Benito, CA",US,2020-02-03T03:53:02,2,0,0
"San Diego County, CA",US,2020-02-21T05:43:02,2,0,1
"Santa Clara, CA",US,2020-02-21T05:23:04,2,0,1
,Afghanistan,2020-02-24T23:33:02,1,0,0
,Algeria,2020-02-25T23:43:03,1,0,0
,Belgium,2020-02-17T04:23:06,1,0,1
,Brazil,2020-02-26T23:53:02,1,0,0
,Cambodia,2020-02-12T07:43:02,1,0,1
"London, ON",Canada,2020-02-12T18:53:03,1,0,1
,Denmark,2020-02-27T16:23:03,1,0,0
,Egypt,2020-02-21T18:53:02,1,0,0
,Estonia,2020-02-27T16:23:03,1,0,0
,Georgia,2020-02-27T16:23:03,1,0,0
Tibet,Mainland China,2020-02-12T06:43:02,1,0,1
,Nepal,2020-02-12T14:43:03,1,0,1
,Netherlands,2020-02-27T21:13:10,1,0,0
,North Macedonia,2020-02-27T16:23:03,1,0,0
,Norway,2020-02-27T16:23:03,1,0,0
,Romania,2020-02-27T16:23:03,1,0,0
,San Marino,2020-02-27T21:13:10,1,0,0
,Sri Lanka,2020-02-08T03:43:03,1,0,1
"Boston, MA",US,2020-02-01T19:43:03,1,0,0
"Humboldt County, CA",US,2020-02-21T05:13:09,1,0,0
"Los Angeles, CA",US,2020-02-01T19:53:03,1,0,0
"Madison, WI",US,2020-02-05T21:53:02,1,0,0
"Orange, CA",US,2020-02-01T19:53:03,1,0,0
"San Antonio, TX",US,2020-02-13T18:53:02,1,0,0
"Seattle, WA",US,2020-02-09T07:03:04,1,0,1
"Tempe, AZ",US,2020-02-25T21:23:03,1,0,1
"Lackland, TX (From Diamond Princess)",US,2020-02-24T23:33:02,0,0,0
"Omaha, NE (From Diamond Princess)",US,2020-02-24T23:33:02,0,0,0
"Travis, CA (From Diamond Princess)",US,2020-02-24T23:33:02,0,0,0
