Country.Region,date,total_count
Afghanistan,1.22.20,0
Algeria,1.22.20,0
Andorra,1.22.20,0
Argentina,1.22.20,0
Armenia,1.22.20,0
Australia,1.22.20,0
Austria,1.22.20,0
Azerbaijan,1.22.20,0
Bahrain,1.22.20,0
Belarus,1.22.20,0
Belgium,1.22.20,0
Bhutan,1.22.20,0
Bosnia and Herzegovina,1.22.20,0
Brazil,1.22.20,0
Cambodia,1.22.20,0
Cameroon,1.22.20,0
Canada,1.22.20,0
Chile,1.22.20,0
Colombia,1.22.20,0
Costa Rica,1.22.20,0
Croatia,1.22.20,0
Czech Republic,1.22.20,0
Denmark,1.22.20,0
Dominican Republic,1.22.20,0
Ecuador,1.22.20,0
Egypt,1.22.20,0
Estonia,1.22.20,0
Faroe Islands,1.22.20,0
Finland,1.22.20,0
France,1.22.20,0
French Guiana,1.22.20,0
Georgia,1.22.20,0
Germany,1.22.20,0
Gibraltar,1.22.20,0
Greece,1.22.20,0
Hong Kong,1.22.20,0
Hungary,1.22.20,0
Iceland,1.22.20,0
India,1.22.20,0
Indonesia,1.22.20,0
Iran,1.22.20,0
Iraq,1.22.20,0
Ireland,1.22.20,0
Israel,1.22.20,0
Italy,1.22.20,0
Japan,1.22.20,2
Jordan,1.22.20,0
Kuwait,1.22.20,0
Latvia,1.22.20,0
Lebanon,1.22.20,0
Liechtenstein,1.22.20,0
Lithuania,1.22.20,0
Luxembourg,1.22.20,0
Macau,1.22.20,1
Mainland China,1.22.20,547
Malaysia,1.22.20,0
Malta,1.22.20,0
Martinique,1.22.20,0
Mexico,1.22.20,0
Monaco,1.22.20,0
Morocco,1.22.20,0
Nepal,1.22.20,0
Netherlands,1.22.20,0
New Zealand,1.22.20,0
Nigeria,1.22.20,0
North Macedonia,1.22.20,0
Norway,1.22.20,0
Oman,1.22.20,0
Others,1.22.20,0
Pakistan,1.22.20,0
Palestine,1.22.20,0
Peru,1.22.20,0
Philippines,1.22.20,0
Poland,1.22.20,0
Portugal,1.22.20,0
Qatar,1.22.20,0
Romania,1.22.20,0
Russia,1.22.20,0
Saint Barthelemy,1.22.20,0
San Marino,1.22.20,0
Saudi Arabia,1.22.20,0
Senegal,1.22.20,0
Serbia,1.22.20,0
Singapore,1.22.20,0
Slovakia,1.22.20,0
Slovenia,1.22.20,0
South Africa,1.22.20,0
South Korea,1.22.20,1
Spain,1.22.20,0
Sri Lanka,1.22.20,0
Sweden,1.22.20,0
Switzerland,1.22.20,0
Taiwan,1.22.20,1
Thailand,1.22.20,2
Togo,1.22.20,0
Tunisia,1.22.20,0
UK,1.22.20,0
Ukraine,1.22.20,0
United Arab Emirates,1.22.20,0
US,1.22.20,1
Vatican City,1.22.20,0
Vietnam,1.22.20,0
Afghanistan,1.23.20,0
Algeria,1.23.20,0
Andorra,1.23.20,0
Argentina,1.23.20,0
Armenia,1.23.20,0
Australia,1.23.20,0
Austria,1.23.20,0
Azerbaijan,1.23.20,0
Bahrain,1.23.20,0
Belarus,1.23.20,0
Belgium,1.23.20,0
Bhutan,1.23.20,0
Bosnia and Herzegovina,1.23.20,0
Brazil,1.23.20,0
Cambodia,1.23.20,0
Cameroon,1.23.20,0
Canada,1.23.20,0
Chile,1.23.20,0
Colombia,1.23.20,0
Costa Rica,1.23.20,0
Croatia,1.23.20,0
Czech Republic,1.23.20,0
Denmark,1.23.20,0
Dominican Republic,1.23.20,0
Ecuador,1.23.20,0
Egypt,1.23.20,0
Estonia,1.23.20,0
Faroe Islands,1.23.20,0
Finland,1.23.20,0
France,1.23.20,0
French Guiana,1.23.20,0
Georgia,1.23.20,0
Germany,1.23.20,0
Gibraltar,1.23.20,0
Greece,1.23.20,0
Hong Kong,1.23.20,2
Hungary,1.23.20,0
Iceland,1.23.20,0
India,1.23.20,0
Indonesia,1.23.20,0
Iran,1.23.20,0
Iraq,1.23.20,0
Ireland,1.23.20,0
Israel,1.23.20,0
Italy,1.23.20,0
Japan,1.23.20,1
Jordan,1.23.20,0
Kuwait,1.23.20,0
Latvia,1.23.20,0
Lebanon,1.23.20,0
Liechtenstein,1.23.20,0
Lithuania,1.23.20,0
Luxembourg,1.23.20,0
Macau,1.23.20,2
Mainland China,1.23.20,639
Malaysia,1.23.20,0
Malta,1.23.20,0
Martinique,1.23.20,0
Mexico,1.23.20,0
Monaco,1.23.20,0
Morocco,1.23.20,0
Nepal,1.23.20,0
Netherlands,1.23.20,0
New Zealand,1.23.20,0
Nigeria,1.23.20,0
North Macedonia,1.23.20,0
Norway,1.23.20,0
Oman,1.23.20,0
Others,1.23.20,0
Pakistan,1.23.20,0
Palestine,1.23.20,0
Peru,1.23.20,0
Philippines,1.23.20,0
Poland,1.23.20,0
Portugal,1.23.20,0
Qatar,1.23.20,0
Romania,1.23.20,0
Russia,1.23.20,0
Saint Barthelemy,1.23.20,0
San Marino,1.23.20,0
Saudi Arabia,1.23.20,0
Senegal,1.23.20,0
Serbia,1.23.20,0
Singapore,1.23.20,1
Slovakia,1.23.20,0
Slovenia,1.23.20,0
South Africa,1.23.20,0
South Korea,1.23.20,1
Spain,1.23.20,0
Sri Lanka,1.23.20,0
Sweden,1.23.20,0
Switzerland,1.23.20,0
Taiwan,1.23.20,1
Thailand,1.23.20,3
Togo,1.23.20,0
Tunisia,1.23.20,0
UK,1.23.20,0
Ukraine,1.23.20,0
United Arab Emirates,1.23.20,0
US,1.23.20,1
Vatican City,1.23.20,0
Vietnam,1.23.20,2
Afghanistan,1.24.20,0
Algeria,1.24.20,0
Andorra,1.24.20,0
Argentina,1.24.20,0
Armenia,1.24.20,0
Australia,1.24.20,0
Austria,1.24.20,0
Azerbaijan,1.24.20,0
Bahrain,1.24.20,0
Belarus,1.24.20,0
Belgium,1.24.20,0
Bhutan,1.24.20,0
Bosnia and Herzegovina,1.24.20,0
Brazil,1.24.20,0
Cambodia,1.24.20,0
Cameroon,1.24.20,0
Canada,1.24.20,0
Chile,1.24.20,0
Colombia,1.24.20,0
Costa Rica,1.24.20,0
Croatia,1.24.20,0
Czech Republic,1.24.20,0
Denmark,1.24.20,0
Dominican Republic,1.24.20,0
Ecuador,1.24.20,0
Egypt,1.24.20,0
Estonia,1.24.20,0
Faroe Islands,1.24.20,0
Finland,1.24.20,0
France,1.24.20,2
French Guiana,1.24.20,0
Georgia,1.24.20,0
Germany,1.24.20,0
Gibraltar,1.24.20,0
Greece,1.24.20,0
Hong Kong,1.24.20,2
Hungary,1.24.20,0
Iceland,1.24.20,0
India,1.24.20,0
Indonesia,1.24.20,0
Iran,1.24.20,0
Iraq,1.24.20,0
Ireland,1.24.20,0
Israel,1.24.20,0
Italy,1.24.20,0
Japan,1.24.20,2
Jordan,1.24.20,0
Kuwait,1.24.20,0
Latvia,1.24.20,0
Lebanon,1.24.20,0
Liechtenstein,1.24.20,0
Lithuania,1.24.20,0
Luxembourg,1.24.20,0
Macau,1.24.20,2
Mainland China,1.24.20,916
Malaysia,1.24.20,0
Malta,1.24.20,0
Martinique,1.24.20,0
Mexico,1.24.20,0
Monaco,1.24.20,0
Morocco,1.24.20,0
Nepal,1.24.20,0
Netherlands,1.24.20,0
New Zealand,1.24.20,0
Nigeria,1.24.20,0
North Macedonia,1.24.20,0
Norway,1.24.20,0
Oman,1.24.20,0
Others,1.24.20,0
Pakistan,1.24.20,0
Palestine,1.24.20,0
Peru,1.24.20,0
Philippines,1.24.20,0
Poland,1.24.20,0
Portugal,1.24.20,0
Qatar,1.24.20,0
Romania,1.24.20,0
Russia,1.24.20,0
Saint Barthelemy,1.24.20,0
San Marino,1.24.20,0
Saudi Arabia,1.24.20,0
Senegal,1.24.20,0
Serbia,1.24.20,0
Singapore,1.24.20,3
Slovakia,1.24.20,0
Slovenia,1.24.20,0
South Africa,1.24.20,0
South Korea,1.24.20,2
Spain,1.24.20,0
Sri Lanka,1.24.20,0
Sweden,1.24.20,0
Switzerland,1.24.20,0
Taiwan,1.24.20,3
Thailand,1.24.20,5
Togo,1.24.20,0
Tunisia,1.24.20,0
UK,1.24.20,0
Ukraine,1.24.20,0
United Arab Emirates,1.24.20,0
US,1.24.20,2
Vatican City,1.24.20,0
Vietnam,1.24.20,2
Afghanistan,1.25.20,0
Algeria,1.25.20,0
Andorra,1.25.20,0
Argentina,1.25.20,0
Armenia,1.25.20,0
Australia,1.25.20,0
Austria,1.25.20,0
Azerbaijan,1.25.20,0
Bahrain,1.25.20,0
Belarus,1.25.20,0
Belgium,1.25.20,0
Bhutan,1.25.20,0
Bosnia and Herzegovina,1.25.20,0
Brazil,1.25.20,0
Cambodia,1.25.20,0
Cameroon,1.25.20,0
Canada,1.25.20,0
Chile,1.25.20,0
Colombia,1.25.20,0
Costa Rica,1.25.20,0
Croatia,1.25.20,0
Czech Republic,1.25.20,0
Denmark,1.25.20,0
Dominican Republic,1.25.20,0
Ecuador,1.25.20,0
Egypt,1.25.20,0
Estonia,1.25.20,0
Faroe Islands,1.25.20,0
Finland,1.25.20,0
France,1.25.20,3
French Guiana,1.25.20,0
Georgia,1.25.20,0
Germany,1.25.20,0
Gibraltar,1.25.20,0
Greece,1.25.20,0
Hong Kong,1.25.20,5
Hungary,1.25.20,0
Iceland,1.25.20,0
India,1.25.20,0
Indonesia,1.25.20,0
Iran,1.25.20,0
Iraq,1.25.20,0
Ireland,1.25.20,0
Israel,1.25.20,0
Italy,1.25.20,0
Japan,1.25.20,2
Jordan,1.25.20,0
Kuwait,1.25.20,0
Latvia,1.25.20,0
Lebanon,1.25.20,0
Liechtenstein,1.25.20,0
Lithuania,1.25.20,0
Luxembourg,1.25.20,0
Macau,1.25.20,2
Mainland China,1.25.20,1399
Malaysia,1.25.20,3
Malta,1.25.20,0
Martinique,1.25.20,0
Mexico,1.25.20,0
Monaco,1.25.20,0
Morocco,1.25.20,0
Nepal,1.25.20,1
Netherlands,1.25.20,0
New Zealand,1.25.20,0
Nigeria,1.25.20,0
North Macedonia,1.25.20,0
Norway,1.25.20,0
Oman,1.25.20,0
Others,1.25.20,0
Pakistan,1.25.20,0
Palestine,1.25.20,0
Peru,1.25.20,0
Philippines,1.25.20,0
Poland,1.25.20,0
Portugal,1.25.20,0
Qatar,1.25.20,0
Romania,1.25.20,0
Russia,1.25.20,0
Saint Barthelemy,1.25.20,0
San Marino,1.25.20,0
Saudi Arabia,1.25.20,0
Senegal,1.25.20,0
Serbia,1.25.20,0
Singapore,1.25.20,3
Slovakia,1.25.20,0
Slovenia,1.25.20,0
South Africa,1.25.20,0
South Korea,1.25.20,2
Spain,1.25.20,0
Sri Lanka,1.25.20,0
Sweden,1.25.20,0
Switzerland,1.25.20,0
Taiwan,1.25.20,3
Thailand,1.25.20,7
Togo,1.25.20,0
Tunisia,1.25.20,0
UK,1.25.20,0
Ukraine,1.25.20,0
United Arab Emirates,1.25.20,0
US,1.25.20,2
Vatican City,1.25.20,0
Vietnam,1.25.20,2
Afghanistan,1.26.20,0
Algeria,1.26.20,0
Andorra,1.26.20,0
Argentina,1.26.20,0
Armenia,1.26.20,0
Australia,1.26.20,4
Austria,1.26.20,0
Azerbaijan,1.26.20,0
Bahrain,1.26.20,0
Belarus,1.26.20,0
Belgium,1.26.20,0
Bhutan,1.26.20,0
Bosnia and Herzegovina,1.26.20,0
Brazil,1.26.20,0
Cambodia,1.26.20,0
Cameroon,1.26.20,0
Canada,1.26.20,1
Chile,1.26.20,0
Colombia,1.26.20,0
Costa Rica,1.26.20,0
Croatia,1.26.20,0
Czech Republic,1.26.20,0
Denmark,1.26.20,0
Dominican Republic,1.26.20,0
Ecuador,1.26.20,0
Egypt,1.26.20,0
Estonia,1.26.20,0
Faroe Islands,1.26.20,0
Finland,1.26.20,0
France,1.26.20,3
French Guiana,1.26.20,0
Georgia,1.26.20,0
Germany,1.26.20,0
Gibraltar,1.26.20,0
Greece,1.26.20,0
Hong Kong,1.26.20,8
Hungary,1.26.20,0
Iceland,1.26.20,0
India,1.26.20,0
Indonesia,1.26.20,0
Iran,1.26.20,0
Iraq,1.26.20,0
Ireland,1.26.20,0
Israel,1.26.20,0
Italy,1.26.20,0
Japan,1.26.20,4
Jordan,1.26.20,0
Kuwait,1.26.20,0
Latvia,1.26.20,0
Lebanon,1.26.20,0
Liechtenstein,1.26.20,0
Lithuania,1.26.20,0
Luxembourg,1.26.20,0
Macau,1.26.20,5
Mainland China,1.26.20,2062
Malaysia,1.26.20,4
Malta,1.26.20,0
Martinique,1.26.20,0
Mexico,1.26.20,0
Monaco,1.26.20,0
Morocco,1.26.20,0
Nepal,1.26.20,1
Netherlands,1.26.20,0
New Zealand,1.26.20,0
Nigeria,1.26.20,0
North Macedonia,1.26.20,0
Norway,1.26.20,0
Oman,1.26.20,0
Others,1.26.20,0
Pakistan,1.26.20,0
Palestine,1.26.20,0
Peru,1.26.20,0
Philippines,1.26.20,0
Poland,1.26.20,0
Portugal,1.26.20,0
Qatar,1.26.20,0
Romania,1.26.20,0
Russia,1.26.20,0
Saint Barthelemy,1.26.20,0
San Marino,1.26.20,0
Saudi Arabia,1.26.20,0
Senegal,1.26.20,0
Serbia,1.26.20,0
Singapore,1.26.20,4
Slovakia,1.26.20,0
Slovenia,1.26.20,0
South Africa,1.26.20,0
South Korea,1.26.20,3
Spain,1.26.20,0
Sri Lanka,1.26.20,0
Sweden,1.26.20,0
Switzerland,1.26.20,0
Taiwan,1.26.20,4
Thailand,1.26.20,8
Togo,1.26.20,0
Tunisia,1.26.20,0
UK,1.26.20,0
Ukraine,1.26.20,0
United Arab Emirates,1.26.20,0
US,1.26.20,5
Vatican City,1.26.20,0
Vietnam,1.26.20,2
Afghanistan,1.27.20,0
Algeria,1.27.20,0
Andorra,1.27.20,0
Argentina,1.27.20,0
Armenia,1.27.20,0
Australia,1.27.20,5
Austria,1.27.20,0
Azerbaijan,1.27.20,0
Bahrain,1.27.20,0
Belarus,1.27.20,0
Belgium,1.27.20,0
Bhutan,1.27.20,0
Bosnia and Herzegovina,1.27.20,0
Brazil,1.27.20,0
Cambodia,1.27.20,1
Cameroon,1.27.20,0
Canada,1.27.20,1
Chile,1.27.20,0
Colombia,1.27.20,0
Costa Rica,1.27.20,0
Croatia,1.27.20,0
Czech Republic,1.27.20,0
Denmark,1.27.20,0
Dominican Republic,1.27.20,0
Ecuador,1.27.20,0
Egypt,1.27.20,0
Estonia,1.27.20,0
Faroe Islands,1.27.20,0
Finland,1.27.20,0
France,1.27.20,3
French Guiana,1.27.20,0
Georgia,1.27.20,0
Germany,1.27.20,1
Gibraltar,1.27.20,0
Greece,1.27.20,0
Hong Kong,1.27.20,8
Hungary,1.27.20,0
Iceland,1.27.20,0
India,1.27.20,0
Indonesia,1.27.20,0
Iran,1.27.20,0
Iraq,1.27.20,0
Ireland,1.27.20,0
Israel,1.27.20,0
Italy,1.27.20,0
Japan,1.27.20,4
Jordan,1.27.20,0
Kuwait,1.27.20,0
Latvia,1.27.20,0
Lebanon,1.27.20,0
Liechtenstein,1.27.20,0
Lithuania,1.27.20,0
Luxembourg,1.27.20,0
Macau,1.27.20,6
Mainland China,1.27.20,2863
Malaysia,1.27.20,4
Malta,1.27.20,0
Martinique,1.27.20,0
Mexico,1.27.20,0
Monaco,1.27.20,0
Morocco,1.27.20,0
Nepal,1.27.20,1
Netherlands,1.27.20,0
New Zealand,1.27.20,0
Nigeria,1.27.20,0
North Macedonia,1.27.20,0
Norway,1.27.20,0
Oman,1.27.20,0
Others,1.27.20,0
Pakistan,1.27.20,0
Palestine,1.27.20,0
Peru,1.27.20,0
Philippines,1.27.20,0
Poland,1.27.20,0
Portugal,1.27.20,0
Qatar,1.27.20,0
Romania,1.27.20,0
Russia,1.27.20,0
Saint Barthelemy,1.27.20,0
San Marino,1.27.20,0
Saudi Arabia,1.27.20,0
Senegal,1.27.20,0
Serbia,1.27.20,0
Singapore,1.27.20,5
Slovakia,1.27.20,0
Slovenia,1.27.20,0
South Africa,1.27.20,0
South Korea,1.27.20,4
Spain,1.27.20,0
Sri Lanka,1.27.20,1
Sweden,1.27.20,0
Switzerland,1.27.20,0
Taiwan,1.27.20,5
Thailand,1.27.20,8
Togo,1.27.20,0
Tunisia,1.27.20,0
UK,1.27.20,0
Ukraine,1.27.20,0
United Arab Emirates,1.27.20,0
US,1.27.20,5
Vatican City,1.27.20,0
Vietnam,1.27.20,2
Afghanistan,1.28.20,0
Algeria,1.28.20,0
Andorra,1.28.20,0
Argentina,1.28.20,0
Armenia,1.28.20,0
Australia,1.28.20,5
Austria,1.28.20,0
Azerbaijan,1.28.20,0
Bahrain,1.28.20,0
Belarus,1.28.20,0
Belgium,1.28.20,0
Bhutan,1.28.20,0
Bosnia and Herzegovina,1.28.20,0
Brazil,1.28.20,0
Cambodia,1.28.20,1
Cameroon,1.28.20,0
Canada,1.28.20,2
Chile,1.28.20,0
Colombia,1.28.20,0
Costa Rica,1.28.20,0
Croatia,1.28.20,0
Czech Republic,1.28.20,0
Denmark,1.28.20,0
Dominican Republic,1.28.20,0
Ecuador,1.28.20,0
Egypt,1.28.20,0
Estonia,1.28.20,0
Faroe Islands,1.28.20,0
Finland,1.28.20,0
France,1.28.20,4
French Guiana,1.28.20,0
Georgia,1.28.20,0
Germany,1.28.20,4
Gibraltar,1.28.20,0
Greece,1.28.20,0
Hong Kong,1.28.20,8
Hungary,1.28.20,0
Iceland,1.28.20,0
India,1.28.20,0
Indonesia,1.28.20,0
Iran,1.28.20,0
Iraq,1.28.20,0
Ireland,1.28.20,0
Israel,1.28.20,0
Italy,1.28.20,0
Japan,1.28.20,7
Jordan,1.28.20,0
Kuwait,1.28.20,0
Latvia,1.28.20,0
Lebanon,1.28.20,0
Liechtenstein,1.28.20,0
Lithuania,1.28.20,0
Luxembourg,1.28.20,0
Macau,1.28.20,7
Mainland China,1.28.20,5494
Malaysia,1.28.20,4
Malta,1.28.20,0
Martinique,1.28.20,0
Mexico,1.28.20,0
Monaco,1.28.20,0
Morocco,1.28.20,0
Nepal,1.28.20,1
Netherlands,1.28.20,0
New Zealand,1.28.20,0
Nigeria,1.28.20,0
North Macedonia,1.28.20,0
Norway,1.28.20,0
Oman,1.28.20,0
Others,1.28.20,0
Pakistan,1.28.20,0
Palestine,1.28.20,0
Peru,1.28.20,0
Philippines,1.28.20,0
Poland,1.28.20,0
Portugal,1.28.20,0
Qatar,1.28.20,0
Romania,1.28.20,0
Russia,1.28.20,0
Saint Barthelemy,1.28.20,0
San Marino,1.28.20,0
Saudi Arabia,1.28.20,0
Senegal,1.28.20,0
Serbia,1.28.20,0
Singapore,1.28.20,7
Slovakia,1.28.20,0
Slovenia,1.28.20,0
South Africa,1.28.20,0
South Korea,1.28.20,4
Spain,1.28.20,0
Sri Lanka,1.28.20,1
Sweden,1.28.20,0
Switzerland,1.28.20,0
Taiwan,1.28.20,8
Thailand,1.28.20,14
Togo,1.28.20,0
Tunisia,1.28.20,0
UK,1.28.20,0
Ukraine,1.28.20,0
United Arab Emirates,1.28.20,0
US,1.28.20,5
Vatican City,1.28.20,0
Vietnam,1.28.20,2
Afghanistan,1.29.20,0
Algeria,1.29.20,0
Andorra,1.29.20,0
Argentina,1.29.20,0
Armenia,1.29.20,0
Australia,1.29.20,6
Austria,1.29.20,0
Azerbaijan,1.29.20,0
Bahrain,1.29.20,0
Belarus,1.29.20,0
Belgium,1.29.20,0
Bhutan,1.29.20,0
Bosnia and Herzegovina,1.29.20,0
Brazil,1.29.20,0
Cambodia,1.29.20,1
Cameroon,1.29.20,0
Canada,1.29.20,2
Chile,1.29.20,0
Colombia,1.29.20,0
Costa Rica,1.29.20,0
Croatia,1.29.20,0
Czech Republic,1.29.20,0
Denmark,1.29.20,0
Dominican Republic,1.29.20,0
Ecuador,1.29.20,0
Egypt,1.29.20,0
Estonia,1.29.20,0
Faroe Islands,1.29.20,0
Finland,1.29.20,1
France,1.29.20,5
French Guiana,1.29.20,0
Georgia,1.29.20,0
Germany,1.29.20,4
Gibraltar,1.29.20,0
Greece,1.29.20,0
Hong Kong,1.29.20,10
Hungary,1.29.20,0
Iceland,1.29.20,0
India,1.29.20,0
Indonesia,1.29.20,0
Iran,1.29.20,0
Iraq,1.29.20,0
Ireland,1.29.20,0
Israel,1.29.20,0
Italy,1.29.20,0
Japan,1.29.20,7
Jordan,1.29.20,0
Kuwait,1.29.20,0
Latvia,1.29.20,0
Lebanon,1.29.20,0
Liechtenstein,1.29.20,0
Lithuania,1.29.20,0
Luxembourg,1.29.20,0
Macau,1.29.20,7
Mainland China,1.29.20,6070
Malaysia,1.29.20,7
Malta,1.29.20,0
Martinique,1.29.20,0
Mexico,1.29.20,0
Monaco,1.29.20,0
Morocco,1.29.20,0
Nepal,1.29.20,1
Netherlands,1.29.20,0
New Zealand,1.29.20,0
Nigeria,1.29.20,0
North Macedonia,1.29.20,0
Norway,1.29.20,0
Oman,1.29.20,0
Others,1.29.20,0
Pakistan,1.29.20,0
Palestine,1.29.20,0
Peru,1.29.20,0
Philippines,1.29.20,0
Poland,1.29.20,0
Portugal,1.29.20,0
Qatar,1.29.20,0
Romania,1.29.20,0
Russia,1.29.20,0
Saint Barthelemy,1.29.20,0
San Marino,1.29.20,0
Saudi Arabia,1.29.20,0
Senegal,1.29.20,0
Serbia,1.29.20,0
Singapore,1.29.20,7
Slovakia,1.29.20,0
Slovenia,1.29.20,0
South Africa,1.29.20,0
South Korea,1.29.20,4
Spain,1.29.20,0
Sri Lanka,1.29.20,1
Sweden,1.29.20,0
Switzerland,1.29.20,0
Taiwan,1.29.20,8
Thailand,1.29.20,14
Togo,1.29.20,0
Tunisia,1.29.20,0
UK,1.29.20,0
Ukraine,1.29.20,0
United Arab Emirates,1.29.20,4
US,1.29.20,5
Vatican City,1.29.20,0
Vietnam,1.29.20,2
Afghanistan,1.30.20,0
Algeria,1.30.20,0
Andorra,1.30.20,0
Argentina,1.30.20,0
Armenia,1.30.20,0
Australia,1.30.20,9
Austria,1.30.20,0
Azerbaijan,1.30.20,0
Bahrain,1.30.20,0
Belarus,1.30.20,0
Belgium,1.30.20,0
Bhutan,1.30.20,0
Bosnia and Herzegovina,1.30.20,0
Brazil,1.30.20,0
Cambodia,1.30.20,1
Cameroon,1.30.20,0
Canada,1.30.20,2
Chile,1.30.20,0
Colombia,1.30.20,0
Costa Rica,1.30.20,0
Croatia,1.30.20,0
Czech Republic,1.30.20,0
Denmark,1.30.20,0
Dominican Republic,1.30.20,0
Ecuador,1.30.20,0
Egypt,1.30.20,0
Estonia,1.30.20,0
Faroe Islands,1.30.20,0
Finland,1.30.20,1
France,1.30.20,5
French Guiana,1.30.20,0
Georgia,1.30.20,0
Germany,1.30.20,4
Gibraltar,1.30.20,0
Greece,1.30.20,0
Hong Kong,1.30.20,10
Hungary,1.30.20,0
Iceland,1.30.20,0
India,1.30.20,1
Indonesia,1.30.20,0
Iran,1.30.20,0
Iraq,1.30.20,0
Ireland,1.30.20,0
Israel,1.30.20,0
Italy,1.30.20,0
Japan,1.30.20,11
Jordan,1.30.20,0
Kuwait,1.30.20,0
Latvia,1.30.20,0
Lebanon,1.30.20,0
Liechtenstein,1.30.20,0
Lithuania,1.30.20,0
Luxembourg,1.30.20,0
Macau,1.30.20,7
Mainland China,1.30.20,8124
Malaysia,1.30.20,8
Malta,1.30.20,0
Martinique,1.30.20,0
Mexico,1.30.20,0
Monaco,1.30.20,0
Morocco,1.30.20,0
Nepal,1.30.20,1
Netherlands,1.30.20,0
New Zealand,1.30.20,0
Nigeria,1.30.20,0
North Macedonia,1.30.20,0
Norway,1.30.20,0
Oman,1.30.20,0
Others,1.30.20,0
Pakistan,1.30.20,0
Palestine,1.30.20,0
Peru,1.30.20,0
Philippines,1.30.20,1
Poland,1.30.20,0
Portugal,1.30.20,0
Qatar,1.30.20,0
Romania,1.30.20,0
Russia,1.30.20,0
Saint Barthelemy,1.30.20,0
San Marino,1.30.20,0
Saudi Arabia,1.30.20,0
Senegal,1.30.20,0
Serbia,1.30.20,0
Singapore,1.30.20,10
Slovakia,1.30.20,0
Slovenia,1.30.20,0
South Africa,1.30.20,0
South Korea,1.30.20,4
Spain,1.30.20,0
Sri Lanka,1.30.20,1
Sweden,1.30.20,0
Switzerland,1.30.20,0
Taiwan,1.30.20,9
Thailand,1.30.20,14
Togo,1.30.20,0
Tunisia,1.30.20,0
UK,1.30.20,0
Ukraine,1.30.20,0
United Arab Emirates,1.30.20,4
US,1.30.20,5
Vatican City,1.30.20,0
Vietnam,1.30.20,2
Afghanistan,1.31.20,0
Algeria,1.31.20,0
Andorra,1.31.20,0
Argentina,1.31.20,0
Armenia,1.31.20,0
Australia,1.31.20,9
Austria,1.31.20,0
Azerbaijan,1.31.20,0
Bahrain,1.31.20,0
Belarus,1.31.20,0
Belgium,1.31.20,0
Bhutan,1.31.20,0
Bosnia and Herzegovina,1.31.20,0
Brazil,1.31.20,0
Cambodia,1.31.20,1
Cameroon,1.31.20,0
Canada,1.31.20,4
Chile,1.31.20,0
Colombia,1.31.20,0
Costa Rica,1.31.20,0
Croatia,1.31.20,0
Czech Republic,1.31.20,0
Denmark,1.31.20,0
Dominican Republic,1.31.20,0
Ecuador,1.31.20,0
Egypt,1.31.20,0
Estonia,1.31.20,0
Faroe Islands,1.31.20,0
Finland,1.31.20,1
France,1.31.20,5
French Guiana,1.31.20,0
Georgia,1.31.20,0
Germany,1.31.20,5
Gibraltar,1.31.20,0
Greece,1.31.20,0
Hong Kong,1.31.20,12
Hungary,1.31.20,0
Iceland,1.31.20,0
India,1.31.20,1
Indonesia,1.31.20,0
Iran,1.31.20,0
Iraq,1.31.20,0
Ireland,1.31.20,0
Israel,1.31.20,0
Italy,1.31.20,2
Japan,1.31.20,15
Jordan,1.31.20,0
Kuwait,1.31.20,0
Latvia,1.31.20,0
Lebanon,1.31.20,0
Liechtenstein,1.31.20,0
Lithuania,1.31.20,0
Luxembourg,1.31.20,0
Macau,1.31.20,7
Mainland China,1.31.20,9783
Malaysia,1.31.20,8
Malta,1.31.20,0
Martinique,1.31.20,0
Mexico,1.31.20,0
Monaco,1.31.20,0
Morocco,1.31.20,0
Nepal,1.31.20,1
Netherlands,1.31.20,0
New Zealand,1.31.20,0
Nigeria,1.31.20,0
North Macedonia,1.31.20,0
Norway,1.31.20,0
Oman,1.31.20,0
Others,1.31.20,0
Pakistan,1.31.20,0
Palestine,1.31.20,0
Peru,1.31.20,0
Philippines,1.31.20,1
Poland,1.31.20,0
Portugal,1.31.20,0
Qatar,1.31.20,0
Romania,1.31.20,0
Russia,1.31.20,2
Saint Barthelemy,1.31.20,0
San Marino,1.31.20,0
Saudi Arabia,1.31.20,0
Senegal,1.31.20,0
Serbia,1.31.20,0
Singapore,1.31.20,13
Slovakia,1.31.20,0
Slovenia,1.31.20,0
South Africa,1.31.20,0
South Korea,1.31.20,11
Spain,1.31.20,0
Sri Lanka,1.31.20,1
Sweden,1.31.20,1
Switzerland,1.31.20,0
Taiwan,1.31.20,10
Thailand,1.31.20,19
Togo,1.31.20,0
Tunisia,1.31.20,0
UK,1.31.20,2
Ukraine,1.31.20,0
United Arab Emirates,1.31.20,4
US,1.31.20,7
Vatican City,1.31.20,0
Vietnam,1.31.20,2
Afghanistan,2.01.20,0
Algeria,2.01.20,0
Andorra,2.01.20,0
Argentina,2.01.20,0
Armenia,2.01.20,0
Australia,2.01.20,12
Austria,2.01.20,0
Azerbaijan,2.01.20,0
Bahrain,2.01.20,0
Belarus,2.01.20,0
Belgium,2.01.20,0
Bhutan,2.01.20,0
Bosnia and Herzegovina,2.01.20,0
Brazil,2.01.20,0
Cambodia,2.01.20,1
Cameroon,2.01.20,0
Canada,2.01.20,4
Chile,2.01.20,0
Colombia,2.01.20,0
Costa Rica,2.01.20,0
Croatia,2.01.20,0
Czech Republic,2.01.20,0
Denmark,2.01.20,0
Dominican Republic,2.01.20,0
Ecuador,2.01.20,0
Egypt,2.01.20,0
Estonia,2.01.20,0
Faroe Islands,2.01.20,0
Finland,2.01.20,1
France,2.01.20,6
French Guiana,2.01.20,0
Georgia,2.01.20,0
Germany,2.01.20,8
Gibraltar,2.01.20,0
Greece,2.01.20,0
Hong Kong,2.01.20,13
Hungary,2.01.20,0
Iceland,2.01.20,0
India,2.01.20,1
Indonesia,2.01.20,0
Iran,2.01.20,0
Iraq,2.01.20,0
Ireland,2.01.20,0
Israel,2.01.20,0
Italy,2.01.20,2
Japan,2.01.20,20
Jordan,2.01.20,0
Kuwait,2.01.20,0
Latvia,2.01.20,0
Lebanon,2.01.20,0
Liechtenstein,2.01.20,0
Lithuania,2.01.20,0
Luxembourg,2.01.20,0
Macau,2.01.20,7
Mainland China,2.01.20,11871
Malaysia,2.01.20,8
Malta,2.01.20,0
Martinique,2.01.20,0
Mexico,2.01.20,0
Monaco,2.01.20,0
Morocco,2.01.20,0
Nepal,2.01.20,1
Netherlands,2.01.20,0
New Zealand,2.01.20,0
Nigeria,2.01.20,0
North Macedonia,2.01.20,0
Norway,2.01.20,0
Oman,2.01.20,0
Others,2.01.20,0
Pakistan,2.01.20,0
Palestine,2.01.20,0
Peru,2.01.20,0
Philippines,2.01.20,1
Poland,2.01.20,0
Portugal,2.01.20,0
Qatar,2.01.20,0
Romania,2.01.20,0
Russia,2.01.20,2
Saint Barthelemy,2.01.20,0
San Marino,2.01.20,0
Saudi Arabia,2.01.20,0
Senegal,2.01.20,0
Serbia,2.01.20,0
Singapore,2.01.20,16
Slovakia,2.01.20,0
Slovenia,2.01.20,0
South Africa,2.01.20,0
South Korea,2.01.20,12
Spain,2.01.20,1
Sri Lanka,2.01.20,1
Sweden,2.01.20,1
Switzerland,2.01.20,0
Taiwan,2.01.20,10
Thailand,2.01.20,19
Togo,2.01.20,0
Tunisia,2.01.20,0
UK,2.01.20,2
Ukraine,2.01.20,0
United Arab Emirates,2.01.20,4
US,2.01.20,8
Vatican City,2.01.20,0
Vietnam,2.01.20,6
Afghanistan,2.10.20,0
Algeria,2.10.20,0
Andorra,2.10.20,0
Argentina,2.10.20,0
Armenia,2.10.20,0
Australia,2.10.20,15
Austria,2.10.20,0
Azerbaijan,2.10.20,0
Bahrain,2.10.20,0
Belarus,2.10.20,0
Belgium,2.10.20,1
Bhutan,2.10.20,0
Bosnia and Herzegovina,2.10.20,0
Brazil,2.10.20,0
Cambodia,2.10.20,1
Cameroon,2.10.20,0
Canada,2.10.20,7
Chile,2.10.20,0
Colombia,2.10.20,0
Costa Rica,2.10.20,0
Croatia,2.10.20,0
Czech Republic,2.10.20,0
Denmark,2.10.20,0
Dominican Republic,2.10.20,0
Ecuador,2.10.20,0
Egypt,2.10.20,0
Estonia,2.10.20,0
Faroe Islands,2.10.20,0
Finland,2.10.20,1
France,2.10.20,11
French Guiana,2.10.20,0
Georgia,2.10.20,0
Germany,2.10.20,14
Gibraltar,2.10.20,0
Greece,2.10.20,0
Hong Kong,2.10.20,38
Hungary,2.10.20,0
Iceland,2.10.20,0
India,2.10.20,3
Indonesia,2.10.20,0
Iran,2.10.20,0
Iraq,2.10.20,0
Ireland,2.10.20,0
Israel,2.10.20,0
Italy,2.10.20,3
Japan,2.10.20,26
Jordan,2.10.20,0
Kuwait,2.10.20,0
Latvia,2.10.20,0
Lebanon,2.10.20,0
Liechtenstein,2.10.20,0
Lithuania,2.10.20,0
Luxembourg,2.10.20,0
Macau,2.10.20,10
Mainland China,2.10.20,42306
Malaysia,2.10.20,18
Malta,2.10.20,0
Martinique,2.10.20,0
Mexico,2.10.20,0
Monaco,2.10.20,0
Morocco,2.10.20,0
Nepal,2.10.20,1
Netherlands,2.10.20,0
New Zealand,2.10.20,0
Nigeria,2.10.20,0
North Macedonia,2.10.20,0
Norway,2.10.20,0
Oman,2.10.20,0
Others,2.10.20,135
Pakistan,2.10.20,0
Palestine,2.10.20,0
Peru,2.10.20,0
Philippines,2.10.20,3
Poland,2.10.20,0
Portugal,2.10.20,0
Qatar,2.10.20,0
Romania,2.10.20,0
Russia,2.10.20,2
Saint Barthelemy,2.10.20,0
San Marino,2.10.20,0
Saudi Arabia,2.10.20,0
Senegal,2.10.20,0
Serbia,2.10.20,0
Singapore,2.10.20,45
Slovakia,2.10.20,0
Slovenia,2.10.20,0
South Africa,2.10.20,0
South Korea,2.10.20,27
Spain,2.10.20,2
Sri Lanka,2.10.20,1
Sweden,2.10.20,1
Switzerland,2.10.20,0
Taiwan,2.10.20,18
Thailand,2.10.20,32
Togo,2.10.20,0
Tunisia,2.10.20,0
UK,2.10.20,8
Ukraine,2.10.20,0
United Arab Emirates,2.10.20,8
US,2.10.20,12
Vatican City,2.10.20,0
Vietnam,2.10.20,14
Afghanistan,2.11.20,0
Algeria,2.11.20,0
Andorra,2.11.20,0
Argentina,2.11.20,0
Armenia,2.11.20,0
Australia,2.11.20,15
Austria,2.11.20,0
Azerbaijan,2.11.20,0
Bahrain,2.11.20,0
Belarus,2.11.20,0
Belgium,2.11.20,1
Bhutan,2.11.20,0
Bosnia and Herzegovina,2.11.20,0
Brazil,2.11.20,0
Cambodia,2.11.20,1
Cameroon,2.11.20,0
Canada,2.11.20,7
Chile,2.11.20,0
Colombia,2.11.20,0
Costa Rica,2.11.20,0
Croatia,2.11.20,0
Czech Republic,2.11.20,0
Denmark,2.11.20,0
Dominican Republic,2.11.20,0
Ecuador,2.11.20,0
Egypt,2.11.20,0
Estonia,2.11.20,0
Faroe Islands,2.11.20,0
Finland,2.11.20,1
France,2.11.20,11
French Guiana,2.11.20,0
Georgia,2.11.20,0
Germany,2.11.20,16
Gibraltar,2.11.20,0
Greece,2.11.20,0
Hong Kong,2.11.20,49
Hungary,2.11.20,0
Iceland,2.11.20,0
India,2.11.20,3
Indonesia,2.11.20,0
Iran,2.11.20,0
Iraq,2.11.20,0
Ireland,2.11.20,0
Israel,2.11.20,0
Italy,2.11.20,3
Japan,2.11.20,26
Jordan,2.11.20,0
Kuwait,2.11.20,0
Latvia,2.11.20,0
Lebanon,2.11.20,0
Liechtenstein,2.11.20,0
Lithuania,2.11.20,0
Luxembourg,2.11.20,0
Macau,2.11.20,10
Mainland China,2.11.20,44327
Malaysia,2.11.20,18
Malta,2.11.20,0
Martinique,2.11.20,0
Mexico,2.11.20,0
Monaco,2.11.20,0
Morocco,2.11.20,0
Nepal,2.11.20,1
Netherlands,2.11.20,0
New Zealand,2.11.20,0
Nigeria,2.11.20,0
North Macedonia,2.11.20,0
Norway,2.11.20,0
Oman,2.11.20,0
Others,2.11.20,135
Pakistan,2.11.20,0
Palestine,2.11.20,0
Peru,2.11.20,0
Philippines,2.11.20,3
Poland,2.11.20,0
Portugal,2.11.20,0
Qatar,2.11.20,0
Romania,2.11.20,0
Russia,2.11.20,2
Saint Barthelemy,2.11.20,0
San Marino,2.11.20,0
Saudi Arabia,2.11.20,0
Senegal,2.11.20,0
Serbia,2.11.20,0
Singapore,2.11.20,47
Slovakia,2.11.20,0
Slovenia,2.11.20,0
South Africa,2.11.20,0
South Korea,2.11.20,28
Spain,2.11.20,2
Sri Lanka,2.11.20,1
Sweden,2.11.20,1
Switzerland,2.11.20,0
Taiwan,2.11.20,18
Thailand,2.11.20,33
Togo,2.11.20,0
Tunisia,2.11.20,0
UK,2.11.20,8
Ukraine,2.11.20,0
United Arab Emirates,2.11.20,8
US,2.11.20,13
Vatican City,2.11.20,0
Vietnam,2.11.20,15
Afghanistan,2.12.20,0
Algeria,2.12.20,0
Andorra,2.12.20,0
Argentina,2.12.20,0
Armenia,2.12.20,0
Australia,2.12.20,15
Austria,2.12.20,0
Azerbaijan,2.12.20,0
Bahrain,2.12.20,0
Belarus,2.12.20,0
Belgium,2.12.20,1
Bhutan,2.12.20,0
Bosnia and Herzegovina,2.12.20,0
Brazil,2.12.20,0
Cambodia,2.12.20,1
Cameroon,2.12.20,0
Canada,2.12.20,7
Chile,2.12.20,0
Colombia,2.12.20,0
Costa Rica,2.12.20,0
Croatia,2.12.20,0
Czech Republic,2.12.20,0
Denmark,2.12.20,0
Dominican Republic,2.12.20,0
Ecuador,2.12.20,0
Egypt,2.12.20,0
Estonia,2.12.20,0
Faroe Islands,2.12.20,0
Finland,2.12.20,1
France,2.12.20,11
French Guiana,2.12.20,0
Georgia,2.12.20,0
Germany,2.12.20,16
Gibraltar,2.12.20,0
Greece,2.12.20,0
Hong Kong,2.12.20,50
Hungary,2.12.20,0
Iceland,2.12.20,0
India,2.12.20,3
Indonesia,2.12.20,0
Iran,2.12.20,0
Iraq,2.12.20,0
Ireland,2.12.20,0
Israel,2.12.20,0
Italy,2.12.20,3
Japan,2.12.20,28
Jordan,2.12.20,0
Kuwait,2.12.20,0
Latvia,2.12.20,0
Lebanon,2.12.20,0
Liechtenstein,2.12.20,0
Lithuania,2.12.20,0
Luxembourg,2.12.20,0
Macau,2.12.20,10
Mainland China,2.12.20,44699
Malaysia,2.12.20,18
Malta,2.12.20,0
Martinique,2.12.20,0
Mexico,2.12.20,0
Monaco,2.12.20,0
Morocco,2.12.20,0
Nepal,2.12.20,1
Netherlands,2.12.20,0
New Zealand,2.12.20,0
Nigeria,2.12.20,0
North Macedonia,2.12.20,0
Norway,2.12.20,0
Oman,2.12.20,0
Others,2.12.20,175
Pakistan,2.12.20,0
Palestine,2.12.20,0
Peru,2.12.20,0
Philippines,2.12.20,3
Poland,2.12.20,0
Portugal,2.12.20,0
Qatar,2.12.20,0
Romania,2.12.20,0
Russia,2.12.20,2
Saint Barthelemy,2.12.20,0
San Marino,2.12.20,0
Saudi Arabia,2.12.20,0
Senegal,2.12.20,0
Serbia,2.12.20,0
Singapore,2.12.20,50
Slovakia,2.12.20,0
Slovenia,2.12.20,0
South Africa,2.12.20,0
South Korea,2.12.20,28
Spain,2.12.20,2
Sri Lanka,2.12.20,1
Sweden,2.12.20,1
Switzerland,2.12.20,0
Taiwan,2.12.20,18
Thailand,2.12.20,33
Togo,2.12.20,0
Tunisia,2.12.20,0
UK,2.12.20,9
Ukraine,2.12.20,0
United Arab Emirates,2.12.20,8
US,2.12.20,13
Vatican City,2.12.20,0
Vietnam,2.12.20,15
Afghanistan,2.13.20,0
Algeria,2.13.20,0
Andorra,2.13.20,0
Argentina,2.13.20,0
Armenia,2.13.20,0
Australia,2.13.20,15
Austria,2.13.20,0
Azerbaijan,2.13.20,0
Bahrain,2.13.20,0
Belarus,2.13.20,0
Belgium,2.13.20,1
Bhutan,2.13.20,0
Bosnia and Herzegovina,2.13.20,0
Brazil,2.13.20,0
Cambodia,2.13.20,1
Cameroon,2.13.20,0
Canada,2.13.20,7
Chile,2.13.20,0
Colombia,2.13.20,0
Costa Rica,2.13.20,0
Croatia,2.13.20,0
Czech Republic,2.13.20,0
Denmark,2.13.20,0
Dominican Republic,2.13.20,0
Ecuador,2.13.20,0
Egypt,2.13.20,0
Estonia,2.13.20,0
Faroe Islands,2.13.20,0
Finland,2.13.20,1
France,2.13.20,11
French Guiana,2.13.20,0
Georgia,2.13.20,0
Germany,2.13.20,16
Gibraltar,2.13.20,0
Greece,2.13.20,0
Hong Kong,2.13.20,53
Hungary,2.13.20,0
Iceland,2.13.20,0
India,2.13.20,3
Indonesia,2.13.20,0
Iran,2.13.20,0
Iraq,2.13.20,0
Ireland,2.13.20,0
Israel,2.13.20,0
Italy,2.13.20,3
Japan,2.13.20,28
Jordan,2.13.20,0
Kuwait,2.13.20,0
Latvia,2.13.20,0
Lebanon,2.13.20,0
Liechtenstein,2.13.20,0
Lithuania,2.13.20,0
Luxembourg,2.13.20,0
Macau,2.13.20,10
Mainland China,2.13.20,59832
Malaysia,2.13.20,19
Malta,2.13.20,0
Martinique,2.13.20,0
Mexico,2.13.20,0
Monaco,2.13.20,0
Morocco,2.13.20,0
Nepal,2.13.20,1
Netherlands,2.13.20,0
New Zealand,2.13.20,0
Nigeria,2.13.20,0
North Macedonia,2.13.20,0
Norway,2.13.20,0
Oman,2.13.20,0
Others,2.13.20,175
Pakistan,2.13.20,0
Palestine,2.13.20,0
Peru,2.13.20,0
Philippines,2.13.20,3
Poland,2.13.20,0
Portugal,2.13.20,0
Qatar,2.13.20,0
Romania,2.13.20,0
Russia,2.13.20,2
Saint Barthelemy,2.13.20,0
San Marino,2.13.20,0
Saudi Arabia,2.13.20,0
Senegal,2.13.20,0
Serbia,2.13.20,0
Singapore,2.13.20,58
Slovakia,2.13.20,0
Slovenia,2.13.20,0
South Africa,2.13.20,0
South Korea,2.13.20,28
Spain,2.13.20,2
Sri Lanka,2.13.20,1
Sweden,2.13.20,1
Switzerland,2.13.20,0
Taiwan,2.13.20,18
Thailand,2.13.20,33
Togo,2.13.20,0
Tunisia,2.13.20,0
UK,2.13.20,9
Ukraine,2.13.20,0
United Arab Emirates,2.13.20,8
US,2.13.20,15
Vatican City,2.13.20,0
Vietnam,2.13.20,16
Afghanistan,2.14.20,0
Algeria,2.14.20,0
Andorra,2.14.20,0
Argentina,2.14.20,0
Armenia,2.14.20,0
Australia,2.14.20,15
Austria,2.14.20,0
Azerbaijan,2.14.20,0
Bahrain,2.14.20,0
Belarus,2.14.20,0
Belgium,2.14.20,1
Bhutan,2.14.20,0
Bosnia and Herzegovina,2.14.20,0
Brazil,2.14.20,0
Cambodia,2.14.20,1
Cameroon,2.14.20,0
Canada,2.14.20,7
Chile,2.14.20,0
Colombia,2.14.20,0
Costa Rica,2.14.20,0
Croatia,2.14.20,0
Czech Republic,2.14.20,0
Denmark,2.14.20,0
Dominican Republic,2.14.20,0
Ecuador,2.14.20,0
Egypt,2.14.20,1
Estonia,2.14.20,0
Faroe Islands,2.14.20,0
Finland,2.14.20,1
France,2.14.20,11
French Guiana,2.14.20,0
Georgia,2.14.20,0
Germany,2.14.20,16
Gibraltar,2.14.20,0
Greece,2.14.20,0
Hong Kong,2.14.20,56
Hungary,2.14.20,0
Iceland,2.14.20,0
India,2.14.20,3
Indonesia,2.14.20,0
Iran,2.14.20,0
Iraq,2.14.20,0
Ireland,2.14.20,0
Israel,2.14.20,0
Italy,2.14.20,3
Japan,2.14.20,29
Jordan,2.14.20,0
Kuwait,2.14.20,0
Latvia,2.14.20,0
Lebanon,2.14.20,0
Liechtenstein,2.14.20,0
Lithuania,2.14.20,0
Luxembourg,2.14.20,0
Macau,2.14.20,10
Mainland China,2.14.20,66292
Malaysia,2.14.20,19
Malta,2.14.20,0
Martinique,2.14.20,0
Mexico,2.14.20,0
Monaco,2.14.20,0
Morocco,2.14.20,0
Nepal,2.14.20,1
Netherlands,2.14.20,0
New Zealand,2.14.20,0
Nigeria,2.14.20,0
North Macedonia,2.14.20,0
Norway,2.14.20,0
Oman,2.14.20,0
Others,2.14.20,218
Pakistan,2.14.20,0
Palestine,2.14.20,0
Peru,2.14.20,0
Philippines,2.14.20,3
Poland,2.14.20,0
Portugal,2.14.20,0
Qatar,2.14.20,0
Romania,2.14.20,0
Russia,2.14.20,2
Saint Barthelemy,2.14.20,0
San Marino,2.14.20,0
Saudi Arabia,2.14.20,0
Senegal,2.14.20,0
Serbia,2.14.20,0
Singapore,2.14.20,67
Slovakia,2.14.20,0
Slovenia,2.14.20,0
South Africa,2.14.20,0
South Korea,2.14.20,28
Spain,2.14.20,2
Sri Lanka,2.14.20,1
Sweden,2.14.20,1
Switzerland,2.14.20,0
Taiwan,2.14.20,18
Thailand,2.14.20,33
Togo,2.14.20,0
Tunisia,2.14.20,0
UK,2.14.20,9
Ukraine,2.14.20,0
United Arab Emirates,2.14.20,8
US,2.14.20,15
Vatican City,2.14.20,0
Vietnam,2.14.20,16
Afghanistan,2.15.20,0
Algeria,2.15.20,0
Andorra,2.15.20,0
Argentina,2.15.20,0
Armenia,2.15.20,0
Australia,2.15.20,15
Austria,2.15.20,0
Azerbaijan,2.15.20,0
Bahrain,2.15.20,0
Belarus,2.15.20,0
Belgium,2.15.20,1
Bhutan,2.15.20,0
Bosnia and Herzegovina,2.15.20,0
Brazil,2.15.20,0
Cambodia,2.15.20,1
Cameroon,2.15.20,0
Canada,2.15.20,7
Chile,2.15.20,0
Colombia,2.15.20,0
Costa Rica,2.15.20,0
Croatia,2.15.20,0
Czech Republic,2.15.20,0
Denmark,2.15.20,0
Dominican Republic,2.15.20,0
Ecuador,2.15.20,0
Egypt,2.15.20,1
Estonia,2.15.20,0
Faroe Islands,2.15.20,0
Finland,2.15.20,1
France,2.15.20,12
French Guiana,2.15.20,0
Georgia,2.15.20,0
Germany,2.15.20,16
Gibraltar,2.15.20,0
Greece,2.15.20,0
Hong Kong,2.15.20,56
Hungary,2.15.20,0
Iceland,2.15.20,0
India,2.15.20,3
Indonesia,2.15.20,0
Iran,2.15.20,0
Iraq,2.15.20,0
Ireland,2.15.20,0
Israel,2.15.20,0
Italy,2.15.20,3
Japan,2.15.20,43
Jordan,2.15.20,0
Kuwait,2.15.20,0
Latvia,2.15.20,0
Lebanon,2.15.20,0
Liechtenstein,2.15.20,0
Lithuania,2.15.20,0
Luxembourg,2.15.20,0
Macau,2.15.20,10
Mainland China,2.15.20,68347
Malaysia,2.15.20,22
Malta,2.15.20,0
Martinique,2.15.20,0
Mexico,2.15.20,0
Monaco,2.15.20,0
Morocco,2.15.20,0
Nepal,2.15.20,1
Netherlands,2.15.20,0
New Zealand,2.15.20,0
Nigeria,2.15.20,0
North Macedonia,2.15.20,0
Norway,2.15.20,0
Oman,2.15.20,0
Others,2.15.20,285
Pakistan,2.15.20,0
Palestine,2.15.20,0
Peru,2.15.20,0
Philippines,2.15.20,3
Poland,2.15.20,0
Portugal,2.15.20,0
Qatar,2.15.20,0
Romania,2.15.20,0
Russia,2.15.20,2
Saint Barthelemy,2.15.20,0
San Marino,2.15.20,0
Saudi Arabia,2.15.20,0
Senegal,2.15.20,0
Serbia,2.15.20,0
Singapore,2.15.20,72
Slovakia,2.15.20,0
Slovenia,2.15.20,0
South Africa,2.15.20,0
South Korea,2.15.20,28
Spain,2.15.20,2
Sri Lanka,2.15.20,1
Sweden,2.15.20,1
Switzerland,2.15.20,0
Taiwan,2.15.20,18
Thailand,2.15.20,33
Togo,2.15.20,0
Tunisia,2.15.20,0
UK,2.15.20,9
Ukraine,2.15.20,0
United Arab Emirates,2.15.20,8
US,2.15.20,15
Vatican City,2.15.20,0
Vietnam,2.15.20,16
Afghanistan,2.16.20,0
Algeria,2.16.20,0
Andorra,2.16.20,0
Argentina,2.16.20,0
Armenia,2.16.20,0
Australia,2.16.20,15
Austria,2.16.20,0
Azerbaijan,2.16.20,0
Bahrain,2.16.20,0
Belarus,2.16.20,0
Belgium,2.16.20,1
Bhutan,2.16.20,0
Bosnia and Herzegovina,2.16.20,0
Brazil,2.16.20,0
Cambodia,2.16.20,1
Cameroon,2.16.20,0
Canada,2.16.20,7
Chile,2.16.20,0
Colombia,2.16.20,0
Costa Rica,2.16.20,0
Croatia,2.16.20,0
Czech Republic,2.16.20,0
Denmark,2.16.20,0
Dominican Republic,2.16.20,0
Ecuador,2.16.20,0
Egypt,2.16.20,1
Estonia,2.16.20,0
Faroe Islands,2.16.20,0
Finland,2.16.20,1
France,2.16.20,12
French Guiana,2.16.20,0
Georgia,2.16.20,0
Germany,2.16.20,16
Gibraltar,2.16.20,0
Greece,2.16.20,0
Hong Kong,2.16.20,57
Hungary,2.16.20,0
Iceland,2.16.20,0
India,2.16.20,3
Indonesia,2.16.20,0
Iran,2.16.20,0
Iraq,2.16.20,0
Ireland,2.16.20,0
Israel,2.16.20,0
Italy,2.16.20,3
Japan,2.16.20,59
Jordan,2.16.20,0
Kuwait,2.16.20,0
Latvia,2.16.20,0
Lebanon,2.16.20,0
Liechtenstein,2.16.20,0
Lithuania,2.16.20,0
Luxembourg,2.16.20,0
Macau,2.16.20,10
Mainland China,2.16.20,70446
Malaysia,2.16.20,22
Malta,2.16.20,0
Martinique,2.16.20,0
Mexico,2.16.20,0
Monaco,2.16.20,0
Morocco,2.16.20,0
Nepal,2.16.20,1
Netherlands,2.16.20,0
New Zealand,2.16.20,0
Nigeria,2.16.20,0
North Macedonia,2.16.20,0
Norway,2.16.20,0
Oman,2.16.20,0
Others,2.16.20,355
Pakistan,2.16.20,0
Palestine,2.16.20,0
Peru,2.16.20,0
Philippines,2.16.20,3
Poland,2.16.20,0
Portugal,2.16.20,0
Qatar,2.16.20,0
Romania,2.16.20,0
Russia,2.16.20,2
Saint Barthelemy,2.16.20,0
San Marino,2.16.20,0
Saudi Arabia,2.16.20,0
Senegal,2.16.20,0
Serbia,2.16.20,0
Singapore,2.16.20,75
Slovakia,2.16.20,0
Slovenia,2.16.20,0
South Africa,2.16.20,0
South Korea,2.16.20,29
Spain,2.16.20,2
Sri Lanka,2.16.20,1
Sweden,2.16.20,1
Switzerland,2.16.20,0
Taiwan,2.16.20,20
Thailand,2.16.20,34
Togo,2.16.20,0
Tunisia,2.16.20,0
UK,2.16.20,9
Ukraine,2.16.20,0
United Arab Emirates,2.16.20,9
US,2.16.20,15
Vatican City,2.16.20,0
Vietnam,2.16.20,16
Afghanistan,2.17.20,0
Algeria,2.17.20,0
Andorra,2.17.20,0
Argentina,2.17.20,0
Armenia,2.17.20,0
Australia,2.17.20,15
Austria,2.17.20,0
Azerbaijan,2.17.20,0
Bahrain,2.17.20,0
Belarus,2.17.20,0
Belgium,2.17.20,1
Bhutan,2.17.20,0
Bosnia and Herzegovina,2.17.20,0
Brazil,2.17.20,0
Cambodia,2.17.20,1
Cameroon,2.17.20,0
Canada,2.17.20,8
Chile,2.17.20,0
Colombia,2.17.20,0
Costa Rica,2.17.20,0
Croatia,2.17.20,0
Czech Republic,2.17.20,0
Denmark,2.17.20,0
Dominican Republic,2.17.20,0
Ecuador,2.17.20,0
Egypt,2.17.20,1
Estonia,2.17.20,0
Faroe Islands,2.17.20,0
Finland,2.17.20,1
France,2.17.20,12
French Guiana,2.17.20,0
Georgia,2.17.20,0
Germany,2.17.20,16
Gibraltar,2.17.20,0
Greece,2.17.20,0
Hong Kong,2.17.20,60
Hungary,2.17.20,0
Iceland,2.17.20,0
India,2.17.20,3
Indonesia,2.17.20,0
Iran,2.17.20,0
Iraq,2.17.20,0
Ireland,2.17.20,0
Israel,2.17.20,0
Italy,2.17.20,3
Japan,2.17.20,66
Jordan,2.17.20,0
Kuwait,2.17.20,0
Latvia,2.17.20,0
Lebanon,2.17.20,0
Liechtenstein,2.17.20,0
Lithuania,2.17.20,0
Luxembourg,2.17.20,0
Macau,2.17.20,10
Mainland China,2.17.20,72364
Malaysia,2.17.20,22
Malta,2.17.20,0
Martinique,2.17.20,0
Mexico,2.17.20,0
Monaco,2.17.20,0
Morocco,2.17.20,0
Nepal,2.17.20,1
Netherlands,2.17.20,0
New Zealand,2.17.20,0
Nigeria,2.17.20,0
North Macedonia,2.17.20,0
Norway,2.17.20,0
Oman,2.17.20,0
Others,2.17.20,454
Pakistan,2.17.20,0
Palestine,2.17.20,0
Peru,2.17.20,0
Philippines,2.17.20,3
Poland,2.17.20,0
Portugal,2.17.20,0
Qatar,2.17.20,0
Romania,2.17.20,0
Russia,2.17.20,2
Saint Barthelemy,2.17.20,0
San Marino,2.17.20,0
Saudi Arabia,2.17.20,0
Senegal,2.17.20,0
Serbia,2.17.20,0
Singapore,2.17.20,77
Slovakia,2.17.20,0
Slovenia,2.17.20,0
South Africa,2.17.20,0
South Korea,2.17.20,30
Spain,2.17.20,2
Sri Lanka,2.17.20,1
Sweden,2.17.20,1
Switzerland,2.17.20,0
Taiwan,2.17.20,22
Thailand,2.17.20,35
Togo,2.17.20,0
Tunisia,2.17.20,0
UK,2.17.20,9
Ukraine,2.17.20,0
United Arab Emirates,2.17.20,9
US,2.17.20,15
Vatican City,2.17.20,0
Vietnam,2.17.20,16
Afghanistan,2.18.20,0
Algeria,2.18.20,0
Andorra,2.18.20,0
Argentina,2.18.20,0
Armenia,2.18.20,0
Australia,2.18.20,15
Austria,2.18.20,0
Azerbaijan,2.18.20,0
Bahrain,2.18.20,0
Belarus,2.18.20,0
Belgium,2.18.20,1
Bhutan,2.18.20,0
Bosnia and Herzegovina,2.18.20,0
Brazil,2.18.20,0
Cambodia,2.18.20,1
Cameroon,2.18.20,0
Canada,2.18.20,8
Chile,2.18.20,0
Colombia,2.18.20,0
Costa Rica,2.18.20,0
Croatia,2.18.20,0
Czech Republic,2.18.20,0
Denmark,2.18.20,0
Dominican Republic,2.18.20,0
Ecuador,2.18.20,0
Egypt,2.18.20,1
Estonia,2.18.20,0
Faroe Islands,2.18.20,0
Finland,2.18.20,1
France,2.18.20,12
French Guiana,2.18.20,0
Georgia,2.18.20,0
Germany,2.18.20,16
Gibraltar,2.18.20,0
Greece,2.18.20,0
Hong Kong,2.18.20,62
Hungary,2.18.20,0
Iceland,2.18.20,0
India,2.18.20,3
Indonesia,2.18.20,0
Iran,2.18.20,0
Iraq,2.18.20,0
Ireland,2.18.20,0
Israel,2.18.20,0
Italy,2.18.20,3
Japan,2.18.20,74
Jordan,2.18.20,0
Kuwait,2.18.20,0
Latvia,2.18.20,0
Lebanon,2.18.20,0
Liechtenstein,2.18.20,0
Lithuania,2.18.20,0
Luxembourg,2.18.20,0
Macau,2.18.20,10
Mainland China,2.18.20,74139
Malaysia,2.18.20,22
Malta,2.18.20,0
Martinique,2.18.20,0
Mexico,2.18.20,0
Monaco,2.18.20,0
Morocco,2.18.20,0
Nepal,2.18.20,1
Netherlands,2.18.20,0
New Zealand,2.18.20,0
Nigeria,2.18.20,0
North Macedonia,2.18.20,0
Norway,2.18.20,0
Oman,2.18.20,0
Others,2.18.20,542
Pakistan,2.18.20,0
Palestine,2.18.20,0
Peru,2.18.20,0
Philippines,2.18.20,3
Poland,2.18.20,0
Portugal,2.18.20,0
Qatar,2.18.20,0
Romania,2.18.20,0
Russia,2.18.20,2
Saint Barthelemy,2.18.20,0
San Marino,2.18.20,0
Saudi Arabia,2.18.20,0
Senegal,2.18.20,0
Serbia,2.18.20,0
Singapore,2.18.20,81
Slovakia,2.18.20,0
Slovenia,2.18.20,0
South Africa,2.18.20,0
South Korea,2.18.20,31
Spain,2.18.20,2
Sri Lanka,2.18.20,1
Sweden,2.18.20,1
Switzerland,2.18.20,0
Taiwan,2.18.20,22
Thailand,2.18.20,35
Togo,2.18.20,0
Tunisia,2.18.20,0
UK,2.18.20,9
Ukraine,2.18.20,0
United Arab Emirates,2.18.20,9
US,2.18.20,15
Vatican City,2.18.20,0
Vietnam,2.18.20,16
Afghanistan,2.19.20,0
Algeria,2.19.20,0
Andorra,2.19.20,0
Argentina,2.19.20,0
Armenia,2.19.20,0
Australia,2.19.20,15
Austria,2.19.20,0
Azerbaijan,2.19.20,0
Bahrain,2.19.20,0
Belarus,2.19.20,0
Belgium,2.19.20,1
Bhutan,2.19.20,0
Bosnia and Herzegovina,2.19.20,0
Brazil,2.19.20,0
Cambodia,2.19.20,1
Cameroon,2.19.20,0
Canada,2.19.20,8
Chile,2.19.20,0
Colombia,2.19.20,0
Costa Rica,2.19.20,0
Croatia,2.19.20,0
Czech Republic,2.19.20,0
Denmark,2.19.20,0
Dominican Republic,2.19.20,0
Ecuador,2.19.20,0
Egypt,2.19.20,1
Estonia,2.19.20,0
Faroe Islands,2.19.20,0
Finland,2.19.20,1
France,2.19.20,12
French Guiana,2.19.20,0
Georgia,2.19.20,0
Germany,2.19.20,16
Gibraltar,2.19.20,0
Greece,2.19.20,0
Hong Kong,2.19.20,63
Hungary,2.19.20,0
Iceland,2.19.20,0
India,2.19.20,3
Indonesia,2.19.20,0
Iran,2.19.20,2
Iraq,2.19.20,0
Ireland,2.19.20,0
Israel,2.19.20,0
Italy,2.19.20,3
Japan,2.19.20,84
Jordan,2.19.20,0
Kuwait,2.19.20,0
Latvia,2.19.20,0
Lebanon,2.19.20,0
Liechtenstein,2.19.20,0
Lithuania,2.19.20,0
Luxembourg,2.19.20,0
Macau,2.19.20,10
Mainland China,2.19.20,74546
Malaysia,2.19.20,22
Malta,2.19.20,0
Martinique,2.19.20,0
Mexico,2.19.20,0
Monaco,2.19.20,0
Morocco,2.19.20,0
Nepal,2.19.20,1
Netherlands,2.19.20,0
New Zealand,2.19.20,0
Nigeria,2.19.20,0
North Macedonia,2.19.20,0
Norway,2.19.20,0
Oman,2.19.20,0
Others,2.19.20,621
Pakistan,2.19.20,0
Palestine,2.19.20,0
Peru,2.19.20,0
Philippines,2.19.20,3
Poland,2.19.20,0
Portugal,2.19.20,0
Qatar,2.19.20,0
Romania,2.19.20,0
Russia,2.19.20,2
Saint Barthelemy,2.19.20,0
San Marino,2.19.20,0
Saudi Arabia,2.19.20,0
Senegal,2.19.20,0
Serbia,2.19.20,0
Singapore,2.19.20,84
Slovakia,2.19.20,0
Slovenia,2.19.20,0
South Africa,2.19.20,0
South Korea,2.19.20,31
Spain,2.19.20,2
Sri Lanka,2.19.20,1
Sweden,2.19.20,1
Switzerland,2.19.20,0
Taiwan,2.19.20,23
Thailand,2.19.20,35
Togo,2.19.20,0
Tunisia,2.19.20,0
UK,2.19.20,9
Ukraine,2.19.20,0
United Arab Emirates,2.19.20,9
US,2.19.20,15
Vatican City,2.19.20,0
Vietnam,2.19.20,16
Afghanistan,2.02.20,0
Algeria,2.02.20,0
Andorra,2.02.20,0
Argentina,2.02.20,0
Armenia,2.02.20,0
Australia,2.02.20,12
Austria,2.02.20,0
Azerbaijan,2.02.20,0
Bahrain,2.02.20,0
Belarus,2.02.20,0
Belgium,2.02.20,0
Bhutan,2.02.20,0
Bosnia and Herzegovina,2.02.20,0
Brazil,2.02.20,0
Cambodia,2.02.20,1
Cameroon,2.02.20,0
Canada,2.02.20,4
Chile,2.02.20,0
Colombia,2.02.20,0
Costa Rica,2.02.20,0
Croatia,2.02.20,0
Czech Republic,2.02.20,0
Denmark,2.02.20,0
Dominican Republic,2.02.20,0
Ecuador,2.02.20,0
Egypt,2.02.20,0
Estonia,2.02.20,0
Faroe Islands,2.02.20,0
Finland,2.02.20,1
France,2.02.20,6
French Guiana,2.02.20,0
Georgia,2.02.20,0
Germany,2.02.20,10
Gibraltar,2.02.20,0
Greece,2.02.20,0
Hong Kong,2.02.20,15
Hungary,2.02.20,0
Iceland,2.02.20,0
India,2.02.20,2
Indonesia,2.02.20,0
Iran,2.02.20,0
Iraq,2.02.20,0
Ireland,2.02.20,0
Israel,2.02.20,0
Italy,2.02.20,2
Japan,2.02.20,20
Jordan,2.02.20,0
Kuwait,2.02.20,0
Latvia,2.02.20,0
Lebanon,2.02.20,0
Liechtenstein,2.02.20,0
Lithuania,2.02.20,0
Luxembourg,2.02.20,0
Macau,2.02.20,8
Mainland China,2.02.20,16607
Malaysia,2.02.20,8
Malta,2.02.20,0
Martinique,2.02.20,0
Mexico,2.02.20,0
Monaco,2.02.20,0
Morocco,2.02.20,0
Nepal,2.02.20,1
Netherlands,2.02.20,0
New Zealand,2.02.20,0
Nigeria,2.02.20,0
North Macedonia,2.02.20,0
Norway,2.02.20,0
Oman,2.02.20,0
Others,2.02.20,0
Pakistan,2.02.20,0
Palestine,2.02.20,0
Peru,2.02.20,0
Philippines,2.02.20,2
Poland,2.02.20,0
Portugal,2.02.20,0
Qatar,2.02.20,0
Romania,2.02.20,0
Russia,2.02.20,2
Saint Barthelemy,2.02.20,0
San Marino,2.02.20,0
Saudi Arabia,2.02.20,0
Senegal,2.02.20,0
Serbia,2.02.20,0
Singapore,2.02.20,18
Slovakia,2.02.20,0
Slovenia,2.02.20,0
South Africa,2.02.20,0
South Korea,2.02.20,15
Spain,2.02.20,1
Sri Lanka,2.02.20,1
Sweden,2.02.20,1
Switzerland,2.02.20,0
Taiwan,2.02.20,10
Thailand,2.02.20,19
Togo,2.02.20,0
Tunisia,2.02.20,0
UK,2.02.20,2
Ukraine,2.02.20,0
United Arab Emirates,2.02.20,5
US,2.02.20,8
Vatican City,2.02.20,0
Vietnam,2.02.20,6
Afghanistan,2.20.20,0
Algeria,2.20.20,0
Andorra,2.20.20,0
Argentina,2.20.20,0
Armenia,2.20.20,0
Australia,2.20.20,15
Austria,2.20.20,0
Azerbaijan,2.20.20,0
Bahrain,2.20.20,0
Belarus,2.20.20,0
Belgium,2.20.20,1
Bhutan,2.20.20,0
Bosnia and Herzegovina,2.20.20,0
Brazil,2.20.20,0
Cambodia,2.20.20,1
Cameroon,2.20.20,0
Canada,2.20.20,8
Chile,2.20.20,0
Colombia,2.20.20,0
Costa Rica,2.20.20,0
Croatia,2.20.20,0
Czech Republic,2.20.20,0
Denmark,2.20.20,0
Dominican Republic,2.20.20,0
Ecuador,2.20.20,0
Egypt,2.20.20,1
Estonia,2.20.20,0
Faroe Islands,2.20.20,0
Finland,2.20.20,1
France,2.20.20,12
French Guiana,2.20.20,0
Georgia,2.20.20,0
Germany,2.20.20,16
Gibraltar,2.20.20,0
Greece,2.20.20,0
Hong Kong,2.20.20,68
Hungary,2.20.20,0
Iceland,2.20.20,0
India,2.20.20,3
Indonesia,2.20.20,0
Iran,2.20.20,5
Iraq,2.20.20,0
Ireland,2.20.20,0
Israel,2.20.20,0
Italy,2.20.20,3
Japan,2.20.20,94
Jordan,2.20.20,0
Kuwait,2.20.20,0
Latvia,2.20.20,0
Lebanon,2.20.20,0
Liechtenstein,2.20.20,0
Lithuania,2.20.20,0
Luxembourg,2.20.20,0
Macau,2.20.20,10
Mainland China,2.20.20,74999
Malaysia,2.20.20,22
Malta,2.20.20,0
Martinique,2.20.20,0
Mexico,2.20.20,0
Monaco,2.20.20,0
Morocco,2.20.20,0
Nepal,2.20.20,1
Netherlands,2.20.20,0
New Zealand,2.20.20,0
Nigeria,2.20.20,0
North Macedonia,2.20.20,0
Norway,2.20.20,0
Oman,2.20.20,0
Others,2.20.20,634
Pakistan,2.20.20,0
Palestine,2.20.20,0
Peru,2.20.20,0
Philippines,2.20.20,3
Poland,2.20.20,0
Portugal,2.20.20,0
Qatar,2.20.20,0
Romania,2.20.20,0
Russia,2.20.20,2
Saint Barthelemy,2.20.20,0
San Marino,2.20.20,0
Saudi Arabia,2.20.20,0
Senegal,2.20.20,0
Serbia,2.20.20,0
Singapore,2.20.20,84
Slovakia,2.20.20,0
Slovenia,2.20.20,0
South Africa,2.20.20,0
South Korea,2.20.20,104
Spain,2.20.20,2
Sri Lanka,2.20.20,1
Sweden,2.20.20,1
Switzerland,2.20.20,0
Taiwan,2.20.20,24
Thailand,2.20.20,35
Togo,2.20.20,0
Tunisia,2.20.20,0
UK,2.20.20,9
Ukraine,2.20.20,0
United Arab Emirates,2.20.20,9
US,2.20.20,15
Vatican City,2.20.20,0
Vietnam,2.20.20,16
Afghanistan,2.21.20,0
Algeria,2.21.20,0
Andorra,2.21.20,0
Argentina,2.21.20,0
Armenia,2.21.20,0
Australia,2.21.20,19
Austria,2.21.20,0
Azerbaijan,2.21.20,0
Bahrain,2.21.20,0
Belarus,2.21.20,0
Belgium,2.21.20,1
Bhutan,2.21.20,0
Bosnia and Herzegovina,2.21.20,0
Brazil,2.21.20,0
Cambodia,2.21.20,1
Cameroon,2.21.20,0
Canada,2.21.20,9
Chile,2.21.20,0
Colombia,2.21.20,0
Costa Rica,2.21.20,0
Croatia,2.21.20,0
Czech Republic,2.21.20,0
Denmark,2.21.20,0
Dominican Republic,2.21.20,0
Ecuador,2.21.20,0
Egypt,2.21.20,1
Estonia,2.21.20,0
Faroe Islands,2.21.20,0
Finland,2.21.20,1
France,2.21.20,12
French Guiana,2.21.20,0
Georgia,2.21.20,0
Germany,2.21.20,16
Gibraltar,2.21.20,0
Greece,2.21.20,0
Hong Kong,2.21.20,68
Hungary,2.21.20,0
Iceland,2.21.20,0
India,2.21.20,3
Indonesia,2.21.20,0
Iran,2.21.20,18
Iraq,2.21.20,0
Ireland,2.21.20,0
Israel,2.21.20,1
Italy,2.21.20,20
Japan,2.21.20,105
Jordan,2.21.20,0
Kuwait,2.21.20,0
Latvia,2.21.20,0
Lebanon,2.21.20,1
Liechtenstein,2.21.20,0
Lithuania,2.21.20,0
Luxembourg,2.21.20,0
Macau,2.21.20,10
Mainland China,2.21.20,75472
Malaysia,2.21.20,22
Malta,2.21.20,0
Martinique,2.21.20,0
Mexico,2.21.20,0
Monaco,2.21.20,0
Morocco,2.21.20,0
Nepal,2.21.20,1
Netherlands,2.21.20,0
New Zealand,2.21.20,0
Nigeria,2.21.20,0
North Macedonia,2.21.20,0
Norway,2.21.20,0
Oman,2.21.20,0
Others,2.21.20,634
Pakistan,2.21.20,0
Palestine,2.21.20,0
Peru,2.21.20,0
Philippines,2.21.20,3
Poland,2.21.20,0
Portugal,2.21.20,0
Qatar,2.21.20,0
Romania,2.21.20,0
Russia,2.21.20,2
Saint Barthelemy,2.21.20,0
San Marino,2.21.20,0
Saudi Arabia,2.21.20,0
Senegal,2.21.20,0
Serbia,2.21.20,0
Singapore,2.21.20,85
Slovakia,2.21.20,0
Slovenia,2.21.20,0
South Africa,2.21.20,0
South Korea,2.21.20,204
Spain,2.21.20,2
Sri Lanka,2.21.20,1
Sweden,2.21.20,1
Switzerland,2.21.20,0
Taiwan,2.21.20,26
Thailand,2.21.20,35
Togo,2.21.20,0
Tunisia,2.21.20,0
UK,2.21.20,9
Ukraine,2.21.20,0
United Arab Emirates,2.21.20,9
US,2.21.20,35
Vatican City,2.21.20,0
Vietnam,2.21.20,16
Afghanistan,2.22.20,0
Algeria,2.22.20,0
Andorra,2.22.20,0
Argentina,2.22.20,0
Armenia,2.22.20,0
Australia,2.22.20,22
Austria,2.22.20,0
Azerbaijan,2.22.20,0
Bahrain,2.22.20,0
Belarus,2.22.20,0
Belgium,2.22.20,1
Bhutan,2.22.20,0
Bosnia and Herzegovina,2.22.20,0
Brazil,2.22.20,0
Cambodia,2.22.20,1
Cameroon,2.22.20,0
Canada,2.22.20,9
Chile,2.22.20,0
Colombia,2.22.20,0
Costa Rica,2.22.20,0
Croatia,2.22.20,0
Czech Republic,2.22.20,0
Denmark,2.22.20,0
Dominican Republic,2.22.20,0
Ecuador,2.22.20,0
Egypt,2.22.20,1
Estonia,2.22.20,0
Faroe Islands,2.22.20,0
Finland,2.22.20,1
France,2.22.20,12
French Guiana,2.22.20,0
Georgia,2.22.20,0
Germany,2.22.20,16
Gibraltar,2.22.20,0
Greece,2.22.20,0
Hong Kong,2.22.20,69
Hungary,2.22.20,0
Iceland,2.22.20,0
India,2.22.20,3
Indonesia,2.22.20,0
Iran,2.22.20,28
Iraq,2.22.20,0
Ireland,2.22.20,0
Israel,2.22.20,1
Italy,2.22.20,62
Japan,2.22.20,122
Jordan,2.22.20,0
Kuwait,2.22.20,0
Latvia,2.22.20,0
Lebanon,2.22.20,1
Liechtenstein,2.22.20,0
Lithuania,2.22.20,0
Luxembourg,2.22.20,0
Macau,2.22.20,10
Mainland China,2.22.20,76922
Malaysia,2.22.20,22
Malta,2.22.20,0
Martinique,2.22.20,0
Mexico,2.22.20,0
Monaco,2.22.20,0
Morocco,2.22.20,0
Nepal,2.22.20,1
Netherlands,2.22.20,0
New Zealand,2.22.20,0
Nigeria,2.22.20,0
North Macedonia,2.22.20,0
Norway,2.22.20,0
Oman,2.22.20,0
Others,2.22.20,634
Pakistan,2.22.20,0
Palestine,2.22.20,0
Peru,2.22.20,0
Philippines,2.22.20,3
Poland,2.22.20,0
Portugal,2.22.20,0
Qatar,2.22.20,0
Romania,2.22.20,0
Russia,2.22.20,2
Saint Barthelemy,2.22.20,0
San Marino,2.22.20,0
Saudi Arabia,2.22.20,0
Senegal,2.22.20,0
Serbia,2.22.20,0
Singapore,2.22.20,85
Slovakia,2.22.20,0
Slovenia,2.22.20,0
South Africa,2.22.20,0
South Korea,2.22.20,433
Spain,2.22.20,2
Sri Lanka,2.22.20,1
Sweden,2.22.20,1
Switzerland,2.22.20,0
Taiwan,2.22.20,26
Thailand,2.22.20,35
Togo,2.22.20,0
Tunisia,2.22.20,0
UK,2.22.20,9
Ukraine,2.22.20,0
United Arab Emirates,2.22.20,13
US,2.22.20,35
Vatican City,2.22.20,0
Vietnam,2.22.20,16
Afghanistan,2.23.20,0
Algeria,2.23.20,0
Andorra,2.23.20,0
Argentina,2.23.20,0
Armenia,2.23.20,0
Australia,2.23.20,22
Austria,2.23.20,0
Azerbaijan,2.23.20,0
Bahrain,2.23.20,0
Belarus,2.23.20,0
Belgium,2.23.20,1
Bhutan,2.23.20,0
Bosnia and Herzegovina,2.23.20,0
Brazil,2.23.20,0
Cambodia,2.23.20,1
Cameroon,2.23.20,0
Canada,2.23.20,9
Chile,2.23.20,0
Colombia,2.23.20,0
Costa Rica,2.23.20,0
Croatia,2.23.20,0
Czech Republic,2.23.20,0
Denmark,2.23.20,0
Dominican Republic,2.23.20,0
Ecuador,2.23.20,0
Egypt,2.23.20,1
Estonia,2.23.20,0
Faroe Islands,2.23.20,0
Finland,2.23.20,1
France,2.23.20,12
French Guiana,2.23.20,0
Georgia,2.23.20,0
Germany,2.23.20,16
Gibraltar,2.23.20,0
Greece,2.23.20,0
Hong Kong,2.23.20,74
Hungary,2.23.20,0
Iceland,2.23.20,0
India,2.23.20,3
Indonesia,2.23.20,0
Iran,2.23.20,43
Iraq,2.23.20,0
Ireland,2.23.20,0
Israel,2.23.20,1
Italy,2.23.20,155
Japan,2.23.20,147
Jordan,2.23.20,0
Kuwait,2.23.20,0
Latvia,2.23.20,0
Lebanon,2.23.20,1
Liechtenstein,2.23.20,0
Lithuania,2.23.20,0
Luxembourg,2.23.20,0
Macau,2.23.20,10
Mainland China,2.23.20,76938
Malaysia,2.23.20,22
Malta,2.23.20,0
Martinique,2.23.20,0
Mexico,2.23.20,0
Monaco,2.23.20,0
Morocco,2.23.20,0
Nepal,2.23.20,1
Netherlands,2.23.20,0
New Zealand,2.23.20,0
Nigeria,2.23.20,0
North Macedonia,2.23.20,0
Norway,2.23.20,0
Oman,2.23.20,0
Others,2.23.20,691
Pakistan,2.23.20,0
Palestine,2.23.20,0
Peru,2.23.20,0
Philippines,2.23.20,3
Poland,2.23.20,0
Portugal,2.23.20,0
Qatar,2.23.20,0
Romania,2.23.20,0
Russia,2.23.20,2
Saint Barthelemy,2.23.20,0
San Marino,2.23.20,0
Saudi Arabia,2.23.20,0
Senegal,2.23.20,0
Serbia,2.23.20,0
Singapore,2.23.20,89
Slovakia,2.23.20,0
Slovenia,2.23.20,0
South Africa,2.23.20,0
South Korea,2.23.20,602
Spain,2.23.20,2
Sri Lanka,2.23.20,1
Sweden,2.23.20,1
Switzerland,2.23.20,0
Taiwan,2.23.20,28
Thailand,2.23.20,35
Togo,2.23.20,0
Tunisia,2.23.20,0
UK,2.23.20,9
Ukraine,2.23.20,0
United Arab Emirates,2.23.20,13
US,2.23.20,35
Vatican City,2.23.20,0
Vietnam,2.23.20,16
Afghanistan,2.24.20,1
Algeria,2.24.20,0
Andorra,2.24.20,0
Argentina,2.24.20,0
Armenia,2.24.20,0
Australia,2.24.20,22
Austria,2.24.20,0
Azerbaijan,2.24.20,0
Bahrain,2.24.20,1
Belarus,2.24.20,0
Belgium,2.24.20,1
Bhutan,2.24.20,0
Bosnia and Herzegovina,2.24.20,0
Brazil,2.24.20,0
Cambodia,2.24.20,1
Cameroon,2.24.20,0
Canada,2.24.20,10
Chile,2.24.20,0
Colombia,2.24.20,0
Costa Rica,2.24.20,0
Croatia,2.24.20,0
Czech Republic,2.24.20,0
Denmark,2.24.20,0
Dominican Republic,2.24.20,0
Ecuador,2.24.20,0
Egypt,2.24.20,1
Estonia,2.24.20,0
Faroe Islands,2.24.20,0
Finland,2.24.20,1
France,2.24.20,12
French Guiana,2.24.20,0
Georgia,2.24.20,0
Germany,2.24.20,16
Gibraltar,2.24.20,0
Greece,2.24.20,0
Hong Kong,2.24.20,79
Hungary,2.24.20,0
Iceland,2.24.20,0
India,2.24.20,3
Indonesia,2.24.20,0
Iran,2.24.20,61
Iraq,2.24.20,1
Ireland,2.24.20,0
Israel,2.24.20,1
Italy,2.24.20,229
Japan,2.24.20,159
Jordan,2.24.20,0
Kuwait,2.24.20,1
Latvia,2.24.20,0
Lebanon,2.24.20,1
Liechtenstein,2.24.20,0
Lithuania,2.24.20,0
Luxembourg,2.24.20,0
Macau,2.24.20,10
Mainland China,2.24.20,77152
Malaysia,2.24.20,22
Malta,2.24.20,0
Martinique,2.24.20,0
Mexico,2.24.20,0
Monaco,2.24.20,0
Morocco,2.24.20,0
Nepal,2.24.20,1
Netherlands,2.24.20,0
New Zealand,2.24.20,0
Nigeria,2.24.20,0
North Macedonia,2.24.20,0
Norway,2.24.20,0
Oman,2.24.20,2
Others,2.24.20,691
Pakistan,2.24.20,0
Palestine,2.24.20,0
Peru,2.24.20,0
Philippines,2.24.20,3
Poland,2.24.20,0
Portugal,2.24.20,0
Qatar,2.24.20,0
Romania,2.24.20,0
Russia,2.24.20,2
Saint Barthelemy,2.24.20,0
San Marino,2.24.20,0
Saudi Arabia,2.24.20,0
Senegal,2.24.20,0
Serbia,2.24.20,0
Singapore,2.24.20,89
Slovakia,2.24.20,0
Slovenia,2.24.20,0
South Africa,2.24.20,0
South Korea,2.24.20,833
Spain,2.24.20,2
Sri Lanka,2.24.20,1
Sweden,2.24.20,1
Switzerland,2.24.20,0
Taiwan,2.24.20,30
Thailand,2.24.20,35
Togo,2.24.20,0
Tunisia,2.24.20,0
UK,2.24.20,13
Ukraine,2.24.20,0
United Arab Emirates,2.24.20,13
US,2.24.20,53
Vatican City,2.24.20,0
Vietnam,2.24.20,16
Afghanistan,2.25.20,1
Algeria,2.25.20,1
Andorra,2.25.20,0
Argentina,2.25.20,0
Armenia,2.25.20,0
Australia,2.25.20,22
Austria,2.25.20,2
Azerbaijan,2.25.20,0
Bahrain,2.25.20,23
Belarus,2.25.20,0
Belgium,2.25.20,1
Bhutan,2.25.20,0
Bosnia and Herzegovina,2.25.20,0
Brazil,2.25.20,0
Cambodia,2.25.20,1
Cameroon,2.25.20,0
Canada,2.25.20,11
Chile,2.25.20,0
Colombia,2.25.20,0
Costa Rica,2.25.20,0
Croatia,2.25.20,1
Czech Republic,2.25.20,0
Denmark,2.25.20,0
Dominican Republic,2.25.20,0
Ecuador,2.25.20,0
Egypt,2.25.20,1
Estonia,2.25.20,0
Faroe Islands,2.25.20,0
Finland,2.25.20,1
France,2.25.20,14
French Guiana,2.25.20,0
Georgia,2.25.20,0
Germany,2.25.20,17
Gibraltar,2.25.20,0
Greece,2.25.20,0
Hong Kong,2.25.20,84
Hungary,2.25.20,0
Iceland,2.25.20,0
India,2.25.20,3
Indonesia,2.25.20,0
Iran,2.25.20,95
Iraq,2.25.20,1
Ireland,2.25.20,0
Israel,2.25.20,1
Italy,2.25.20,322
Japan,2.25.20,170
Jordan,2.25.20,0
Kuwait,2.25.20,11
Latvia,2.25.20,0
Lebanon,2.25.20,1
Liechtenstein,2.25.20,0
Lithuania,2.25.20,0
Luxembourg,2.25.20,0
Macau,2.25.20,10
Mainland China,2.25.20,77660
Malaysia,2.25.20,22
Malta,2.25.20,0
Martinique,2.25.20,0
Mexico,2.25.20,0
Monaco,2.25.20,0
Morocco,2.25.20,0
Nepal,2.25.20,1
Netherlands,2.25.20,0
New Zealand,2.25.20,0
Nigeria,2.25.20,0
North Macedonia,2.25.20,0
Norway,2.25.20,0
Oman,2.25.20,2
Others,2.25.20,691
Pakistan,2.25.20,0
Palestine,2.25.20,0
Peru,2.25.20,0
Philippines,2.25.20,3
Poland,2.25.20,0
Portugal,2.25.20,0
Qatar,2.25.20,0
Romania,2.25.20,0
Russia,2.25.20,2
Saint Barthelemy,2.25.20,0
San Marino,2.25.20,0
Saudi Arabia,2.25.20,0
Senegal,2.25.20,0
Serbia,2.25.20,0
Singapore,2.25.20,91
Slovakia,2.25.20,0
Slovenia,2.25.20,0
South Africa,2.25.20,0
South Korea,2.25.20,977
Spain,2.25.20,6
Sri Lanka,2.25.20,1
Sweden,2.25.20,1
Switzerland,2.25.20,1
Taiwan,2.25.20,31
Thailand,2.25.20,37
Togo,2.25.20,0
Tunisia,2.25.20,0
UK,2.25.20,13
Ukraine,2.25.20,0
United Arab Emirates,2.25.20,13
US,2.25.20,53
Vatican City,2.25.20,0
Vietnam,2.25.20,16
Afghanistan,2.26.20,1
Algeria,2.26.20,1
Andorra,2.26.20,0
Argentina,2.26.20,0
Armenia,2.26.20,0
Australia,2.26.20,22
Austria,2.26.20,2
Azerbaijan,2.26.20,0
Bahrain,2.26.20,33
Belarus,2.26.20,0
Belgium,2.26.20,1
Bhutan,2.26.20,0
Bosnia and Herzegovina,2.26.20,0
Brazil,2.26.20,1
Cambodia,2.26.20,1
Cameroon,2.26.20,0
Canada,2.26.20,11
Chile,2.26.20,0
Colombia,2.26.20,0
Costa Rica,2.26.20,0
Croatia,2.26.20,3
Czech Republic,2.26.20,0
Denmark,2.26.20,0
Dominican Republic,2.26.20,0
Ecuador,2.26.20,0
Egypt,2.26.20,1
Estonia,2.26.20,0
Faroe Islands,2.26.20,0
Finland,2.26.20,2
France,2.26.20,18
French Guiana,2.26.20,0
Georgia,2.26.20,1
Germany,2.26.20,27
Gibraltar,2.26.20,0
Greece,2.26.20,1
Hong Kong,2.26.20,91
Hungary,2.26.20,0
Iceland,2.26.20,0
India,2.26.20,3
Indonesia,2.26.20,0
Iran,2.26.20,139
Iraq,2.26.20,5
Ireland,2.26.20,0
Israel,2.26.20,2
Italy,2.26.20,453
Japan,2.26.20,189
Jordan,2.26.20,0
Kuwait,2.26.20,26
Latvia,2.26.20,0
Lebanon,2.26.20,2
Liechtenstein,2.26.20,0
Lithuania,2.26.20,0
Luxembourg,2.26.20,0
Macau,2.26.20,10
Mainland China,2.26.20,78065
Malaysia,2.26.20,22
Malta,2.26.20,0
Martinique,2.26.20,0
Mexico,2.26.20,0
Monaco,2.26.20,0
Morocco,2.26.20,0
Nepal,2.26.20,1
Netherlands,2.26.20,0
New Zealand,2.26.20,0
Nigeria,2.26.20,0
North Macedonia,2.26.20,1
Norway,2.26.20,1
Oman,2.26.20,4
Others,2.26.20,705
Pakistan,2.26.20,2
Palestine,2.26.20,0
Peru,2.26.20,0
Philippines,2.26.20,3
Poland,2.26.20,0
Portugal,2.26.20,0
Qatar,2.26.20,0
Romania,2.26.20,1
Russia,2.26.20,2
Saint Barthelemy,2.26.20,0
San Marino,2.26.20,0
Saudi Arabia,2.26.20,0
Senegal,2.26.20,0
Serbia,2.26.20,0
Singapore,2.26.20,93
Slovakia,2.26.20,0
Slovenia,2.26.20,0
South Africa,2.26.20,0
South Korea,2.26.20,1261
Spain,2.26.20,13
Sri Lanka,2.26.20,1
Sweden,2.26.20,2
Switzerland,2.26.20,1
Taiwan,2.26.20,32
Thailand,2.26.20,40
Togo,2.26.20,0
Tunisia,2.26.20,0
UK,2.26.20,13
Ukraine,2.26.20,0
United Arab Emirates,2.26.20,13
US,2.26.20,59
Vatican City,2.26.20,0
Vietnam,2.26.20,16
Afghanistan,2.27.20,1
Algeria,2.27.20,1
Andorra,2.27.20,0
Argentina,2.27.20,0
Armenia,2.27.20,0
Australia,2.27.20,23
Austria,2.27.20,3
Azerbaijan,2.27.20,0
Bahrain,2.27.20,33
Belarus,2.27.20,0
Belgium,2.27.20,1
Bhutan,2.27.20,0
Bosnia and Herzegovina,2.27.20,0
Brazil,2.27.20,1
Cambodia,2.27.20,1
Cameroon,2.27.20,0
Canada,2.27.20,13
Chile,2.27.20,0
Colombia,2.27.20,0
Costa Rica,2.27.20,0
Croatia,2.27.20,3
Czech Republic,2.27.20,0
Denmark,2.27.20,1
Dominican Republic,2.27.20,0
Ecuador,2.27.20,0
Egypt,2.27.20,1
Estonia,2.27.20,1
Faroe Islands,2.27.20,0
Finland,2.27.20,2
France,2.27.20,38
French Guiana,2.27.20,0
Georgia,2.27.20,1
Germany,2.27.20,46
Gibraltar,2.27.20,0
Greece,2.27.20,3
Hong Kong,2.27.20,92
Hungary,2.27.20,0
Iceland,2.27.20,0
India,2.27.20,3
Indonesia,2.27.20,0
Iran,2.27.20,245
Iraq,2.27.20,7
Ireland,2.27.20,0
Israel,2.27.20,3
Italy,2.27.20,655
Japan,2.27.20,214
Jordan,2.27.20,0
Kuwait,2.27.20,43
Latvia,2.27.20,0
Lebanon,2.27.20,2
Liechtenstein,2.27.20,0
Lithuania,2.27.20,0
Luxembourg,2.27.20,0
Macau,2.27.20,10
Mainland China,2.27.20,78498
Malaysia,2.27.20,23
Malta,2.27.20,0
Martinique,2.27.20,0
Mexico,2.27.20,0
Monaco,2.27.20,0
Morocco,2.27.20,0
Nepal,2.27.20,1
Netherlands,2.27.20,1
New Zealand,2.27.20,0
Nigeria,2.27.20,0
North Macedonia,2.27.20,1
Norway,2.27.20,1
Oman,2.27.20,4
Others,2.27.20,705
Pakistan,2.27.20,2
Palestine,2.27.20,0
Peru,2.27.20,0
Philippines,2.27.20,3
Poland,2.27.20,0
Portugal,2.27.20,0
Qatar,2.27.20,0
Romania,2.27.20,1
Russia,2.27.20,2
Saint Barthelemy,2.27.20,0
San Marino,2.27.20,1
Saudi Arabia,2.27.20,0
Senegal,2.27.20,0
Serbia,2.27.20,0
Singapore,2.27.20,93
Slovakia,2.27.20,0
Slovenia,2.27.20,0
South Africa,2.27.20,0
South Korea,2.27.20,1766
Spain,2.27.20,15
Sri Lanka,2.27.20,1
Sweden,2.27.20,7
Switzerland,2.27.20,8
Taiwan,2.27.20,32
Thailand,2.27.20,40
Togo,2.27.20,0
Tunisia,2.27.20,0
UK,2.27.20,15
Ukraine,2.27.20,0
United Arab Emirates,2.27.20,13
US,2.27.20,60
Vatican City,2.27.20,0
Vietnam,2.27.20,16
Afghanistan,2.28.20,1
Algeria,2.28.20,1
Andorra,2.28.20,0
Argentina,2.28.20,0
Armenia,2.28.20,0
Australia,2.28.20,23
Austria,2.28.20,3
Azerbaijan,2.28.20,0
Bahrain,2.28.20,36
Belarus,2.28.20,1
Belgium,2.28.20,1
Bhutan,2.28.20,0
Bosnia and Herzegovina,2.28.20,0
Brazil,2.28.20,1
Cambodia,2.28.20,1
Cameroon,2.28.20,0
Canada,2.28.20,14
Chile,2.28.20,0
Colombia,2.28.20,0
Costa Rica,2.28.20,0
Croatia,2.28.20,5
Czech Republic,2.28.20,0
Denmark,2.28.20,1
Dominican Republic,2.28.20,0
Ecuador,2.28.20,0
Egypt,2.28.20,1
Estonia,2.28.20,1
Faroe Islands,2.28.20,0
Finland,2.28.20,2
France,2.28.20,57
French Guiana,2.28.20,0
Georgia,2.28.20,1
Germany,2.28.20,48
Gibraltar,2.28.20,0
Greece,2.28.20,4
Hong Kong,2.28.20,94
Hungary,2.28.20,0
Iceland,2.28.20,1
India,2.28.20,3
Indonesia,2.28.20,0
Iran,2.28.20,388
Iraq,2.28.20,7
Ireland,2.28.20,0
Israel,2.28.20,4
Italy,2.28.20,888
Japan,2.28.20,228
Jordan,2.28.20,0
Kuwait,2.28.20,45
Latvia,2.28.20,0
Lebanon,2.28.20,2
Liechtenstein,2.28.20,0
Lithuania,2.28.20,1
Luxembourg,2.28.20,0
Macau,2.28.20,10
Mainland China,2.28.20,78824
Malaysia,2.28.20,23
Malta,2.28.20,0
Martinique,2.28.20,0
Mexico,2.28.20,1
Monaco,2.28.20,0
Morocco,2.28.20,0
Nepal,2.28.20,1
Netherlands,2.28.20,1
New Zealand,2.28.20,1
Nigeria,2.28.20,1
North Macedonia,2.28.20,1
Norway,2.28.20,6
Oman,2.28.20,4
Others,2.28.20,705
Pakistan,2.28.20,2
Palestine,2.28.20,0
Peru,2.28.20,0
Philippines,2.28.20,3
Poland,2.28.20,0
Portugal,2.28.20,0
Qatar,2.28.20,0
Romania,2.28.20,3
Russia,2.28.20,2
Saint Barthelemy,2.28.20,0
San Marino,2.28.20,1
Saudi Arabia,2.28.20,0
Senegal,2.28.20,0
Serbia,2.28.20,0
Singapore,2.28.20,93
Slovakia,2.28.20,0
Slovenia,2.28.20,0
South Africa,2.28.20,0
South Korea,2.28.20,2337
Spain,2.28.20,32
Sri Lanka,2.28.20,1
Sweden,2.28.20,7
Switzerland,2.28.20,8
Taiwan,2.28.20,34
Thailand,2.28.20,41
Togo,2.28.20,0
Tunisia,2.28.20,0
UK,2.28.20,20
Ukraine,2.28.20,0
United Arab Emirates,2.28.20,19
US,2.28.20,62
Vatican City,2.28.20,0
Vietnam,2.28.20,16
Afghanistan,2.29.20,1
Algeria,2.29.20,1
Andorra,2.29.20,0
Argentina,2.29.20,0
Armenia,2.29.20,0
Australia,2.29.20,25
Austria,2.29.20,9
Azerbaijan,2.29.20,0
Bahrain,2.29.20,41
Belarus,2.29.20,1
Belgium,2.29.20,1
Bhutan,2.29.20,0
Bosnia and Herzegovina,2.29.20,0
Brazil,2.29.20,2
Cambodia,2.29.20,1
Cameroon,2.29.20,0
Canada,2.29.20,20
Chile,2.29.20,0
Colombia,2.29.20,0
Costa Rica,2.29.20,0
Croatia,2.29.20,6
Czech Republic,2.29.20,0
Denmark,2.29.20,3
Dominican Republic,2.29.20,0
Ecuador,2.29.20,0
Egypt,2.29.20,1
Estonia,2.29.20,1
Faroe Islands,2.29.20,0
Finland,2.29.20,3
France,2.29.20,100
French Guiana,2.29.20,0
Georgia,2.29.20,1
Germany,2.29.20,79
Gibraltar,2.29.20,0
Greece,2.29.20,4
Hong Kong,2.29.20,95
Hungary,2.29.20,0
Iceland,2.29.20,1
India,2.29.20,3
Indonesia,2.29.20,0
Iran,2.29.20,593
Iraq,2.29.20,13
Ireland,2.29.20,1
Israel,2.29.20,7
Italy,2.29.20,1128
Japan,2.29.20,241
Jordan,2.29.20,0
Kuwait,2.29.20,45
Latvia,2.29.20,0
Lebanon,2.29.20,4
Liechtenstein,2.29.20,0
Lithuania,2.29.20,1
Luxembourg,2.29.20,1
Macau,2.29.20,10
Mainland China,2.29.20,79251
Malaysia,2.29.20,25
Malta,2.29.20,0
Martinique,2.29.20,0
Mexico,2.29.20,4
Monaco,2.29.20,1
Morocco,2.29.20,0
Nepal,2.29.20,1
Netherlands,2.29.20,6
New Zealand,2.29.20,1
Nigeria,2.29.20,1
North Macedonia,2.29.20,1
Norway,2.29.20,15
Oman,2.29.20,6
Others,2.29.20,705
Pakistan,2.29.20,4
Palestine,2.29.20,0
Peru,2.29.20,0
Philippines,2.29.20,3
Poland,2.29.20,0
Portugal,2.29.20,0
Qatar,2.29.20,1
Romania,2.29.20,3
Russia,2.29.20,2
Saint Barthelemy,2.29.20,0
San Marino,2.29.20,1
Saudi Arabia,2.29.20,0
Senegal,2.29.20,0
Serbia,2.29.20,0
Singapore,2.29.20,102
Slovakia,2.29.20,0
Slovenia,2.29.20,0
South Africa,2.29.20,0
South Korea,2.29.20,3150
Spain,2.29.20,45
Sri Lanka,2.29.20,1
Sweden,2.29.20,12
Switzerland,2.29.20,18
Taiwan,2.29.20,39
Thailand,2.29.20,42
Togo,2.29.20,0
Tunisia,2.29.20,0
UK,2.29.20,23
Ukraine,2.29.20,0
United Arab Emirates,2.29.20,21
US,2.29.20,70
Vatican City,2.29.20,0
Vietnam,2.29.20,16
Afghanistan,2.03.20,0
Algeria,2.03.20,0
Andorra,2.03.20,0
Argentina,2.03.20,0
Armenia,2.03.20,0
Australia,2.03.20,12
Austria,2.03.20,0
Azerbaijan,2.03.20,0
Bahrain,2.03.20,0
Belarus,2.03.20,0
Belgium,2.03.20,0
Bhutan,2.03.20,0
Bosnia and Herzegovina,2.03.20,0
Brazil,2.03.20,0
Cambodia,2.03.20,1
Cameroon,2.03.20,0
Canada,2.03.20,4
Chile,2.03.20,0
Colombia,2.03.20,0
Costa Rica,2.03.20,0
Croatia,2.03.20,0
Czech Republic,2.03.20,0
Denmark,2.03.20,0
Dominican Republic,2.03.20,0
Ecuador,2.03.20,0
Egypt,2.03.20,0
Estonia,2.03.20,0
Faroe Islands,2.03.20,0
Finland,2.03.20,1
France,2.03.20,6
French Guiana,2.03.20,0
Georgia,2.03.20,0
Germany,2.03.20,12
Gibraltar,2.03.20,0
Greece,2.03.20,0
Hong Kong,2.03.20,15
Hungary,2.03.20,0
Iceland,2.03.20,0
India,2.03.20,3
Indonesia,2.03.20,0
Iran,2.03.20,0
Iraq,2.03.20,0
Ireland,2.03.20,0
Israel,2.03.20,0
Italy,2.03.20,2
Japan,2.03.20,20
Jordan,2.03.20,0
Kuwait,2.03.20,0
Latvia,2.03.20,0
Lebanon,2.03.20,0
Liechtenstein,2.03.20,0
Lithuania,2.03.20,0
Luxembourg,2.03.20,0
Macau,2.03.20,8
Mainland China,2.03.20,19693
Malaysia,2.03.20,8
Malta,2.03.20,0
Martinique,2.03.20,0
Mexico,2.03.20,0
Monaco,2.03.20,0
Morocco,2.03.20,0
Nepal,2.03.20,1
Netherlands,2.03.20,0
New Zealand,2.03.20,0
Nigeria,2.03.20,0
North Macedonia,2.03.20,0
Norway,2.03.20,0
Oman,2.03.20,0
Others,2.03.20,0
Pakistan,2.03.20,0
Palestine,2.03.20,0
Peru,2.03.20,0
Philippines,2.03.20,2
Poland,2.03.20,0
Portugal,2.03.20,0
Qatar,2.03.20,0
Romania,2.03.20,0
Russia,2.03.20,2
Saint Barthelemy,2.03.20,0
San Marino,2.03.20,0
Saudi Arabia,2.03.20,0
Senegal,2.03.20,0
Serbia,2.03.20,0
Singapore,2.03.20,18
Slovakia,2.03.20,0
Slovenia,2.03.20,0
South Africa,2.03.20,0
South Korea,2.03.20,15
Spain,2.03.20,1
Sri Lanka,2.03.20,1
Sweden,2.03.20,1
Switzerland,2.03.20,0
Taiwan,2.03.20,10
Thailand,2.03.20,19
Togo,2.03.20,0
Tunisia,2.03.20,0
UK,2.03.20,2
Ukraine,2.03.20,0
United Arab Emirates,2.03.20,5
US,2.03.20,11
Vatican City,2.03.20,0
Vietnam,2.03.20,8
Afghanistan,2.04.20,0
Algeria,2.04.20,0
Andorra,2.04.20,0
Argentina,2.04.20,0
Armenia,2.04.20,0
Australia,2.04.20,13
Austria,2.04.20,0
Azerbaijan,2.04.20,0
Bahrain,2.04.20,0
Belarus,2.04.20,0
Belgium,2.04.20,1
Bhutan,2.04.20,0
Bosnia and Herzegovina,2.04.20,0
Brazil,2.04.20,0
Cambodia,2.04.20,1
Cameroon,2.04.20,0
Canada,2.04.20,4
Chile,2.04.20,0
Colombia,2.04.20,0
Costa Rica,2.04.20,0
Croatia,2.04.20,0
Czech Republic,2.04.20,0
Denmark,2.04.20,0
Dominican Republic,2.04.20,0
Ecuador,2.04.20,0
Egypt,2.04.20,0
Estonia,2.04.20,0
Faroe Islands,2.04.20,0
Finland,2.04.20,1
France,2.04.20,6
French Guiana,2.04.20,0
Georgia,2.04.20,0
Germany,2.04.20,12
Gibraltar,2.04.20,0
Greece,2.04.20,0
Hong Kong,2.04.20,17
Hungary,2.04.20,0
Iceland,2.04.20,0
India,2.04.20,3
Indonesia,2.04.20,0
Iran,2.04.20,0
Iraq,2.04.20,0
Ireland,2.04.20,0
Israel,2.04.20,0
Italy,2.04.20,2
Japan,2.04.20,22
Jordan,2.04.20,0
Kuwait,2.04.20,0
Latvia,2.04.20,0
Lebanon,2.04.20,0
Liechtenstein,2.04.20,0
Lithuania,2.04.20,0
Luxembourg,2.04.20,0
Macau,2.04.20,10
Mainland China,2.04.20,23680
Malaysia,2.04.20,10
Malta,2.04.20,0
Martinique,2.04.20,0
Mexico,2.04.20,0
Monaco,2.04.20,0
Morocco,2.04.20,0
Nepal,2.04.20,1
Netherlands,2.04.20,0
New Zealand,2.04.20,0
Nigeria,2.04.20,0
North Macedonia,2.04.20,0
Norway,2.04.20,0
Oman,2.04.20,0
Others,2.04.20,0
Pakistan,2.04.20,0
Palestine,2.04.20,0
Peru,2.04.20,0
Philippines,2.04.20,2
Poland,2.04.20,0
Portugal,2.04.20,0
Qatar,2.04.20,0
Romania,2.04.20,0
Russia,2.04.20,2
Saint Barthelemy,2.04.20,0
San Marino,2.04.20,0
Saudi Arabia,2.04.20,0
Senegal,2.04.20,0
Serbia,2.04.20,0
Singapore,2.04.20,24
Slovakia,2.04.20,0
Slovenia,2.04.20,0
South Africa,2.04.20,0
South Korea,2.04.20,16
Spain,2.04.20,1
Sri Lanka,2.04.20,1
Sweden,2.04.20,1
Switzerland,2.04.20,0
Taiwan,2.04.20,11
Thailand,2.04.20,25
Togo,2.04.20,0
Tunisia,2.04.20,0
UK,2.04.20,2
Ukraine,2.04.20,0
United Arab Emirates,2.04.20,5
US,2.04.20,11
Vatican City,2.04.20,0
Vietnam,2.04.20,8
Afghanistan,2.05.20,0
Algeria,2.05.20,0
Andorra,2.05.20,0
Argentina,2.05.20,0
Armenia,2.05.20,0
Australia,2.05.20,13
Austria,2.05.20,0
Azerbaijan,2.05.20,0
Bahrain,2.05.20,0
Belarus,2.05.20,0
Belgium,2.05.20,1
Bhutan,2.05.20,0
Bosnia and Herzegovina,2.05.20,0
Brazil,2.05.20,0
Cambodia,2.05.20,1
Cameroon,2.05.20,0
Canada,2.05.20,5
Chile,2.05.20,0
Colombia,2.05.20,0
Costa Rica,2.05.20,0
Croatia,2.05.20,0
Czech Republic,2.05.20,0
Denmark,2.05.20,0
Dominican Republic,2.05.20,0
Ecuador,2.05.20,0
Egypt,2.05.20,0
Estonia,2.05.20,0
Faroe Islands,2.05.20,0
Finland,2.05.20,1
France,2.05.20,6
French Guiana,2.05.20,0
Georgia,2.05.20,0
Germany,2.05.20,12
Gibraltar,2.05.20,0
Greece,2.05.20,0
Hong Kong,2.05.20,21
Hungary,2.05.20,0
Iceland,2.05.20,0
India,2.05.20,3
Indonesia,2.05.20,0
Iran,2.05.20,0
Iraq,2.05.20,0
Ireland,2.05.20,0
Israel,2.05.20,0
Italy,2.05.20,2
Japan,2.05.20,22
Jordan,2.05.20,0
Kuwait,2.05.20,0
Latvia,2.05.20,0
Lebanon,2.05.20,0
Liechtenstein,2.05.20,0
Lithuania,2.05.20,0
Luxembourg,2.05.20,0
Macau,2.05.20,10
Mainland China,2.05.20,27409
Malaysia,2.05.20,12
Malta,2.05.20,0
Martinique,2.05.20,0
Mexico,2.05.20,0
Monaco,2.05.20,0
Morocco,2.05.20,0
Nepal,2.05.20,1
Netherlands,2.05.20,0
New Zealand,2.05.20,0
Nigeria,2.05.20,0
North Macedonia,2.05.20,0
Norway,2.05.20,0
Oman,2.05.20,0
Others,2.05.20,0
Pakistan,2.05.20,0
Palestine,2.05.20,0
Peru,2.05.20,0
Philippines,2.05.20,2
Poland,2.05.20,0
Portugal,2.05.20,0
Qatar,2.05.20,0
Romania,2.05.20,0
Russia,2.05.20,2
Saint Barthelemy,2.05.20,0
San Marino,2.05.20,0
Saudi Arabia,2.05.20,0
Senegal,2.05.20,0
Serbia,2.05.20,0
Singapore,2.05.20,28
Slovakia,2.05.20,0
Slovenia,2.05.20,0
South Africa,2.05.20,0
South Korea,2.05.20,19
Spain,2.05.20,1
Sri Lanka,2.05.20,1
Sweden,2.05.20,1
Switzerland,2.05.20,0
Taiwan,2.05.20,11
Thailand,2.05.20,25
Togo,2.05.20,0
Tunisia,2.05.20,0
UK,2.05.20,2
Ukraine,2.05.20,0
United Arab Emirates,2.05.20,5
US,2.05.20,12
Vatican City,2.05.20,0
Vietnam,2.05.20,8
Afghanistan,2.06.20,0
Algeria,2.06.20,0
Andorra,2.06.20,0
Argentina,2.06.20,0
Armenia,2.06.20,0
Australia,2.06.20,14
Austria,2.06.20,0
Azerbaijan,2.06.20,0
Bahrain,2.06.20,0
Belarus,2.06.20,0
Belgium,2.06.20,1
Bhutan,2.06.20,0
Bosnia and Herzegovina,2.06.20,0
Brazil,2.06.20,0
Cambodia,2.06.20,1
Cameroon,2.06.20,0
Canada,2.06.20,5
Chile,2.06.20,0
Colombia,2.06.20,0
Costa Rica,2.06.20,0
Croatia,2.06.20,0
Czech Republic,2.06.20,0
Denmark,2.06.20,0
Dominican Republic,2.06.20,0
Ecuador,2.06.20,0
Egypt,2.06.20,0
Estonia,2.06.20,0
Faroe Islands,2.06.20,0
Finland,2.06.20,1
France,2.06.20,6
French Guiana,2.06.20,0
Georgia,2.06.20,0
Germany,2.06.20,12
Gibraltar,2.06.20,0
Greece,2.06.20,0
Hong Kong,2.06.20,24
Hungary,2.06.20,0
Iceland,2.06.20,0
India,2.06.20,3
Indonesia,2.06.20,0
Iran,2.06.20,0
Iraq,2.06.20,0
Ireland,2.06.20,0
Israel,2.06.20,0
Italy,2.06.20,2
Japan,2.06.20,45
Jordan,2.06.20,0
Kuwait,2.06.20,0
Latvia,2.06.20,0
Lebanon,2.06.20,0
Liechtenstein,2.06.20,0
Lithuania,2.06.20,0
Luxembourg,2.06.20,0
Macau,2.06.20,10
Mainland China,2.06.20,30553
Malaysia,2.06.20,12
Malta,2.06.20,0
Martinique,2.06.20,0
Mexico,2.06.20,0
Monaco,2.06.20,0
Morocco,2.06.20,0
Nepal,2.06.20,1
Netherlands,2.06.20,0
New Zealand,2.06.20,0
Nigeria,2.06.20,0
North Macedonia,2.06.20,0
Norway,2.06.20,0
Oman,2.06.20,0
Others,2.06.20,0
Pakistan,2.06.20,0
Palestine,2.06.20,0
Peru,2.06.20,0
Philippines,2.06.20,2
Poland,2.06.20,0
Portugal,2.06.20,0
Qatar,2.06.20,0
Romania,2.06.20,0
Russia,2.06.20,2
Saint Barthelemy,2.06.20,0
San Marino,2.06.20,0
Saudi Arabia,2.06.20,0
Senegal,2.06.20,0
Serbia,2.06.20,0
Singapore,2.06.20,28
Slovakia,2.06.20,0
Slovenia,2.06.20,0
South Africa,2.06.20,0
South Korea,2.06.20,23
Spain,2.06.20,1
Sri Lanka,2.06.20,1
Sweden,2.06.20,1
Switzerland,2.06.20,0
Taiwan,2.06.20,16
Thailand,2.06.20,25
Togo,2.06.20,0
Tunisia,2.06.20,0
UK,2.06.20,2
Ukraine,2.06.20,0
United Arab Emirates,2.06.20,5
US,2.06.20,12
Vatican City,2.06.20,0
Vietnam,2.06.20,10
Afghanistan,2.07.20,0
Algeria,2.07.20,0
Andorra,2.07.20,0
Argentina,2.07.20,0
Armenia,2.07.20,0
Australia,2.07.20,15
Austria,2.07.20,0
Azerbaijan,2.07.20,0
Bahrain,2.07.20,0
Belarus,2.07.20,0
Belgium,2.07.20,1
Bhutan,2.07.20,0
Bosnia and Herzegovina,2.07.20,0
Brazil,2.07.20,0
Cambodia,2.07.20,1
Cameroon,2.07.20,0
Canada,2.07.20,7
Chile,2.07.20,0
Colombia,2.07.20,0
Costa Rica,2.07.20,0
Croatia,2.07.20,0
Czech Republic,2.07.20,0
Denmark,2.07.20,0
Dominican Republic,2.07.20,0
Ecuador,2.07.20,0
Egypt,2.07.20,0
Estonia,2.07.20,0
Faroe Islands,2.07.20,0
Finland,2.07.20,1
France,2.07.20,6
French Guiana,2.07.20,0
Georgia,2.07.20,0
Germany,2.07.20,13
Gibraltar,2.07.20,0
Greece,2.07.20,0
Hong Kong,2.07.20,25
Hungary,2.07.20,0
Iceland,2.07.20,0
India,2.07.20,3
Indonesia,2.07.20,0
Iran,2.07.20,0
Iraq,2.07.20,0
Ireland,2.07.20,0
Israel,2.07.20,0
Italy,2.07.20,3
Japan,2.07.20,25
Jordan,2.07.20,0
Kuwait,2.07.20,0
Latvia,2.07.20,0
Lebanon,2.07.20,0
Liechtenstein,2.07.20,0
Lithuania,2.07.20,0
Luxembourg,2.07.20,0
Macau,2.07.20,10
Mainland China,2.07.20,34075
Malaysia,2.07.20,12
Malta,2.07.20,0
Martinique,2.07.20,0
Mexico,2.07.20,0
Monaco,2.07.20,0
Morocco,2.07.20,0
Nepal,2.07.20,1
Netherlands,2.07.20,0
New Zealand,2.07.20,0
Nigeria,2.07.20,0
North Macedonia,2.07.20,0
Norway,2.07.20,0
Oman,2.07.20,0
Others,2.07.20,61
Pakistan,2.07.20,0
Palestine,2.07.20,0
Peru,2.07.20,0
Philippines,2.07.20,3
Poland,2.07.20,0
Portugal,2.07.20,0
Qatar,2.07.20,0
Romania,2.07.20,0
Russia,2.07.20,2
Saint Barthelemy,2.07.20,0
San Marino,2.07.20,0
Saudi Arabia,2.07.20,0
Senegal,2.07.20,0
Serbia,2.07.20,0
Singapore,2.07.20,30
Slovakia,2.07.20,0
Slovenia,2.07.20,0
South Africa,2.07.20,0
South Korea,2.07.20,24
Spain,2.07.20,1
Sri Lanka,2.07.20,1
Sweden,2.07.20,1
Switzerland,2.07.20,0
Taiwan,2.07.20,16
Thailand,2.07.20,25
Togo,2.07.20,0
Tunisia,2.07.20,0
UK,2.07.20,3
Ukraine,2.07.20,0
United Arab Emirates,2.07.20,5
US,2.07.20,12
Vatican City,2.07.20,0
Vietnam,2.07.20,10
Afghanistan,2.08.20,0
Algeria,2.08.20,0
Andorra,2.08.20,0
Argentina,2.08.20,0
Armenia,2.08.20,0
Australia,2.08.20,15
Austria,2.08.20,0
Azerbaijan,2.08.20,0
Bahrain,2.08.20,0
Belarus,2.08.20,0
Belgium,2.08.20,1
Bhutan,2.08.20,0
Bosnia and Herzegovina,2.08.20,0
Brazil,2.08.20,0
Cambodia,2.08.20,1
Cameroon,2.08.20,0
Canada,2.08.20,7
Chile,2.08.20,0
Colombia,2.08.20,0
Costa Rica,2.08.20,0
Croatia,2.08.20,0
Czech Republic,2.08.20,0
Denmark,2.08.20,0
Dominican Republic,2.08.20,0
Ecuador,2.08.20,0
Egypt,2.08.20,0
Estonia,2.08.20,0
Faroe Islands,2.08.20,0
Finland,2.08.20,1
France,2.08.20,11
French Guiana,2.08.20,0
Georgia,2.08.20,0
Germany,2.08.20,13
Gibraltar,2.08.20,0
Greece,2.08.20,0
Hong Kong,2.08.20,26
Hungary,2.08.20,0
Iceland,2.08.20,0
India,2.08.20,3
Indonesia,2.08.20,0
Iran,2.08.20,0
Iraq,2.08.20,0
Ireland,2.08.20,0
Israel,2.08.20,0
Italy,2.08.20,3
Japan,2.08.20,25
Jordan,2.08.20,0
Kuwait,2.08.20,0
Latvia,2.08.20,0
Lebanon,2.08.20,0
Liechtenstein,2.08.20,0
Lithuania,2.08.20,0
Luxembourg,2.08.20,0
Macau,2.08.20,10
Mainland China,2.08.20,36778
Malaysia,2.08.20,16
Malta,2.08.20,0
Martinique,2.08.20,0
Mexico,2.08.20,0
Monaco,2.08.20,0
Morocco,2.08.20,0
Nepal,2.08.20,1
Netherlands,2.08.20,0
New Zealand,2.08.20,0
Nigeria,2.08.20,0
North Macedonia,2.08.20,0
Norway,2.08.20,0
Oman,2.08.20,0
Others,2.08.20,61
Pakistan,2.08.20,0
Palestine,2.08.20,0
Peru,2.08.20,0
Philippines,2.08.20,3
Poland,2.08.20,0
Portugal,2.08.20,0
Qatar,2.08.20,0
Romania,2.08.20,0
Russia,2.08.20,2
Saint Barthelemy,2.08.20,0
San Marino,2.08.20,0
Saudi Arabia,2.08.20,0
Senegal,2.08.20,0
Serbia,2.08.20,0
Singapore,2.08.20,33
Slovakia,2.08.20,0
Slovenia,2.08.20,0
South Africa,2.08.20,0
South Korea,2.08.20,24
Spain,2.08.20,1
Sri Lanka,2.08.20,1
Sweden,2.08.20,1
Switzerland,2.08.20,0
Taiwan,2.08.20,17
Thailand,2.08.20,32
Togo,2.08.20,0
Tunisia,2.08.20,0
UK,2.08.20,3
Ukraine,2.08.20,0
United Arab Emirates,2.08.20,7
US,2.08.20,12
Vatican City,2.08.20,0
Vietnam,2.08.20,13
Afghanistan,2.09.20,0
Algeria,2.09.20,0
Andorra,2.09.20,0
Argentina,2.09.20,0
Armenia,2.09.20,0
Australia,2.09.20,15
Austria,2.09.20,0
Azerbaijan,2.09.20,0
Bahrain,2.09.20,0
Belarus,2.09.20,0
Belgium,2.09.20,1
Bhutan,2.09.20,0
Bosnia and Herzegovina,2.09.20,0
Brazil,2.09.20,0
Cambodia,2.09.20,1
Cameroon,2.09.20,0
Canada,2.09.20,7
Chile,2.09.20,0
Colombia,2.09.20,0
Costa Rica,2.09.20,0
Croatia,2.09.20,0
Czech Republic,2.09.20,0
Denmark,2.09.20,0
Dominican Republic,2.09.20,0
Ecuador,2.09.20,0
Egypt,2.09.20,0
Estonia,2.09.20,0
Faroe Islands,2.09.20,0
Finland,2.09.20,1
France,2.09.20,11
French Guiana,2.09.20,0
Georgia,2.09.20,0
Germany,2.09.20,14
Gibraltar,2.09.20,0
Greece,2.09.20,0
Hong Kong,2.09.20,29
Hungary,2.09.20,0
Iceland,2.09.20,0
India,2.09.20,3
Indonesia,2.09.20,0
Iran,2.09.20,0
Iraq,2.09.20,0
Ireland,2.09.20,0
Israel,2.09.20,0
Italy,2.09.20,3
Japan,2.09.20,26
Jordan,2.09.20,0
Kuwait,2.09.20,0
Latvia,2.09.20,0
Lebanon,2.09.20,0
Liechtenstein,2.09.20,0
Lithuania,2.09.20,0
Luxembourg,2.09.20,0
Macau,2.09.20,10
Mainland China,2.09.20,39790
Malaysia,2.09.20,16
Malta,2.09.20,0
Martinique,2.09.20,0
Mexico,2.09.20,0
Monaco,2.09.20,0
Morocco,2.09.20,0
Nepal,2.09.20,1
Netherlands,2.09.20,0
New Zealand,2.09.20,0
Nigeria,2.09.20,0
North Macedonia,2.09.20,0
Norway,2.09.20,0
Oman,2.09.20,0
Others,2.09.20,64
Pakistan,2.09.20,0
Palestine,2.09.20,0
Peru,2.09.20,0
Philippines,2.09.20,3
Poland,2.09.20,0
Portugal,2.09.20,0
Qatar,2.09.20,0
Romania,2.09.20,0
Russia,2.09.20,2
Saint Barthelemy,2.09.20,0
San Marino,2.09.20,0
Saudi Arabia,2.09.20,0
Senegal,2.09.20,0
Serbia,2.09.20,0
Singapore,2.09.20,40
Slovakia,2.09.20,0
Slovenia,2.09.20,0
South Africa,2.09.20,0
South Korea,2.09.20,25
Spain,2.09.20,2
Sri Lanka,2.09.20,1
Sweden,2.09.20,1
Switzerland,2.09.20,0
Taiwan,2.09.20,18
Thailand,2.09.20,32
Togo,2.09.20,0
Tunisia,2.09.20,0
UK,2.09.20,3
Ukraine,2.09.20,0
United Arab Emirates,2.09.20,7
US,2.09.20,12
Vatican City,2.09.20,0
Vietnam,2.09.20,13
Afghanistan,3.01.20,1
Algeria,3.01.20,1
Andorra,3.01.20,0
Argentina,3.01.20,0
Armenia,3.01.20,1
Australia,3.01.20,27
Austria,3.01.20,14
Azerbaijan,3.01.20,3
Bahrain,3.01.20,47
Belarus,3.01.20,1
Belgium,3.01.20,2
Bhutan,3.01.20,0
Bosnia and Herzegovina,3.01.20,0
Brazil,3.01.20,2
Cambodia,3.01.20,1
Cameroon,3.01.20,0
Canada,3.01.20,24
Chile,3.01.20,0
Colombia,3.01.20,0
Costa Rica,3.01.20,0
Croatia,3.01.20,7
Czech Republic,3.01.20,3
Denmark,3.01.20,4
Dominican Republic,3.01.20,1
Ecuador,3.01.20,6
Egypt,3.01.20,2
Estonia,3.01.20,1
Faroe Islands,3.01.20,0
Finland,3.01.20,6
France,3.01.20,130
French Guiana,3.01.20,0
Georgia,3.01.20,3
Germany,3.01.20,130
Gibraltar,3.01.20,0
Greece,3.01.20,7
Hong Kong,3.01.20,96
Hungary,3.01.20,0
Iceland,3.01.20,3
India,3.01.20,3
Indonesia,3.01.20,0
Iran,3.01.20,978
Iraq,3.01.20,19
Ireland,3.01.20,1
Israel,3.01.20,10
Italy,3.01.20,1694
Japan,3.01.20,256
Jordan,3.01.20,0
Kuwait,3.01.20,45
Latvia,3.01.20,0
Lebanon,3.01.20,10
Liechtenstein,3.01.20,0
Lithuania,3.01.20,1
Luxembourg,3.01.20,1
Macau,3.01.20,10
Mainland China,3.01.20,79826
Malaysia,3.01.20,29
Malta,3.01.20,0
Martinique,3.01.20,0
Mexico,3.01.20,5
Monaco,3.01.20,1
Morocco,3.01.20,0
Nepal,3.01.20,1
Netherlands,3.01.20,10
New Zealand,3.01.20,1
Nigeria,3.01.20,1
North Macedonia,3.01.20,1
Norway,3.01.20,19
Oman,3.01.20,6
Others,3.01.20,705
Pakistan,3.01.20,4
Palestine,3.01.20,0
Peru,3.01.20,0
Philippines,3.01.20,3
Poland,3.01.20,0
Portugal,3.01.20,0
Qatar,3.01.20,3
Romania,3.01.20,3
Russia,3.01.20,2
Saint Barthelemy,3.01.20,0
San Marino,3.01.20,1
Saudi Arabia,3.01.20,0
Senegal,3.01.20,0
Serbia,3.01.20,0
Singapore,3.01.20,106
Slovakia,3.01.20,0
Slovenia,3.01.20,0
South Africa,3.01.20,0
South Korea,3.01.20,3736
Spain,3.01.20,84
Sri Lanka,3.01.20,1
Sweden,3.01.20,14
Switzerland,3.01.20,27
Taiwan,3.01.20,40
Thailand,3.01.20,42
Togo,3.01.20,0
Tunisia,3.01.20,0
UK,3.01.20,36
Ukraine,3.01.20,0
United Arab Emirates,3.01.20,21
US,3.01.20,76
Vatican City,3.01.20,0
Vietnam,3.01.20,16
Afghanistan,3.02.20,1
Algeria,3.02.20,3
Andorra,3.02.20,1
Argentina,3.02.20,0
Armenia,3.02.20,1
Australia,3.02.20,30
Austria,3.02.20,18
Azerbaijan,3.02.20,3
Bahrain,3.02.20,49
Belarus,3.02.20,1
Belgium,3.02.20,8
Bhutan,3.02.20,0
Bosnia and Herzegovina,3.02.20,0
Brazil,3.02.20,2
Cambodia,3.02.20,1
Cameroon,3.02.20,0
Canada,3.02.20,27
Chile,3.02.20,0
Colombia,3.02.20,0
Costa Rica,3.02.20,0
Croatia,3.02.20,7
Czech Republic,3.02.20,3
Denmark,3.02.20,4
Dominican Republic,3.02.20,1
Ecuador,3.02.20,6
Egypt,3.02.20,2
Estonia,3.02.20,1
Faroe Islands,3.02.20,0
Finland,3.02.20,6
France,3.02.20,191
French Guiana,3.02.20,0
Georgia,3.02.20,3
Germany,3.02.20,159
Gibraltar,3.02.20,0
Greece,3.02.20,7
Hong Kong,3.02.20,100
Hungary,3.02.20,0
Iceland,3.02.20,6
India,3.02.20,5
Indonesia,3.02.20,2
Iran,3.02.20,1501
Iraq,3.02.20,26
Ireland,3.02.20,1
Israel,3.02.20,10
Italy,3.02.20,2036
Japan,3.02.20,274
Jordan,3.02.20,0
Kuwait,3.02.20,56
Latvia,3.02.20,1
Lebanon,3.02.20,13
Liechtenstein,3.02.20,0
Lithuania,3.02.20,1
Luxembourg,3.02.20,1
Macau,3.02.20,10
Mainland China,3.02.20,80026
Malaysia,3.02.20,29
Malta,3.02.20,0
Martinique,3.02.20,0
Mexico,3.02.20,5
Monaco,3.02.20,1
Morocco,3.02.20,1
Nepal,3.02.20,1
Netherlands,3.02.20,18
New Zealand,3.02.20,1
Nigeria,3.02.20,1
North Macedonia,3.02.20,1
Norway,3.02.20,25
Oman,3.02.20,6
Others,3.02.20,705
Pakistan,3.02.20,4
Palestine,3.02.20,0
Peru,3.02.20,0
Philippines,3.02.20,3
Poland,3.02.20,0
Portugal,3.02.20,2
Qatar,3.02.20,3
Romania,3.02.20,3
Russia,3.02.20,3
Saint Barthelemy,3.02.20,0
San Marino,3.02.20,8
Saudi Arabia,3.02.20,1
Senegal,3.02.20,1
Serbia,3.02.20,0
Singapore,3.02.20,108
Slovakia,3.02.20,0
Slovenia,3.02.20,0
South Africa,3.02.20,0
South Korea,3.02.20,4335
Spain,3.02.20,120
Sri Lanka,3.02.20,1
Sweden,3.02.20,15
Switzerland,3.02.20,42
Taiwan,3.02.20,41
Thailand,3.02.20,43
Togo,3.02.20,0
Tunisia,3.02.20,0
UK,3.02.20,40
Ukraine,3.02.20,0
United Arab Emirates,3.02.20,21
US,3.02.20,101
Vatican City,3.02.20,0
Vietnam,3.02.20,16
Afghanistan,3.03.20,1
Algeria,3.03.20,5
Andorra,3.03.20,1
Argentina,3.03.20,1
Armenia,3.03.20,1
Australia,3.03.20,39
Austria,3.03.20,21
Azerbaijan,3.03.20,3
Bahrain,3.03.20,49
Belarus,3.03.20,1
Belgium,3.03.20,13
Bhutan,3.03.20,0
Bosnia and Herzegovina,3.03.20,0
Brazil,3.03.20,2
Cambodia,3.03.20,1
Cameroon,3.03.20,0
Canada,3.03.20,30
Chile,3.03.20,1
Colombia,3.03.20,0
Costa Rica,3.03.20,0
Croatia,3.03.20,9
Czech Republic,3.03.20,5
Denmark,3.03.20,6
Dominican Republic,3.03.20,1
Ecuador,3.03.20,7
Egypt,3.03.20,2
Estonia,3.03.20,2
Faroe Islands,3.03.20,0
Finland,3.03.20,6
France,3.03.20,204
French Guiana,3.03.20,0
Georgia,3.03.20,3
Germany,3.03.20,196
Gibraltar,3.03.20,0
Greece,3.03.20,7
Hong Kong,3.03.20,100
Hungary,3.03.20,0
Iceland,3.03.20,11
India,3.03.20,5
Indonesia,3.03.20,2
Iran,3.03.20,2336
Iraq,3.03.20,32
Ireland,3.03.20,2
Israel,3.03.20,12
Italy,3.03.20,2502
Japan,3.03.20,293
Jordan,3.03.20,1
Kuwait,3.03.20,56
Latvia,3.03.20,1
Lebanon,3.03.20,13
Liechtenstein,3.03.20,0
Lithuania,3.03.20,1
Luxembourg,3.03.20,1
Macau,3.03.20,10
Mainland China,3.03.20,80151
Malaysia,3.03.20,36
Malta,3.03.20,0
Martinique,3.03.20,0
Mexico,3.03.20,5
Monaco,3.03.20,1
Morocco,3.03.20,1
Nepal,3.03.20,1
Netherlands,3.03.20,24
New Zealand,3.03.20,1
Nigeria,3.03.20,1
North Macedonia,3.03.20,1
Norway,3.03.20,32
Oman,3.03.20,12
Others,3.03.20,706
Pakistan,3.03.20,5
Palestine,3.03.20,0
Peru,3.03.20,0
Philippines,3.03.20,3
Poland,3.03.20,0
Portugal,3.03.20,2
Qatar,3.03.20,7
Romania,3.03.20,3
Russia,3.03.20,3
Saint Barthelemy,3.03.20,0
San Marino,3.03.20,10
Saudi Arabia,3.03.20,1
Senegal,3.03.20,2
Serbia,3.03.20,0
Singapore,3.03.20,110
Slovakia,3.03.20,0
Slovenia,3.03.20,0
South Africa,3.03.20,0
South Korea,3.03.20,5186
Spain,3.03.20,165
Sri Lanka,3.03.20,1
Sweden,3.03.20,21
Switzerland,3.03.20,56
Taiwan,3.03.20,42
Thailand,3.03.20,43
Togo,3.03.20,0
Tunisia,3.03.20,0
UK,3.03.20,51
Ukraine,3.03.20,1
United Arab Emirates,3.03.20,27
US,3.03.20,121
Vatican City,3.03.20,0
Vietnam,3.03.20,16
Afghanistan,3.04.20,1
Algeria,3.04.20,12
Andorra,3.04.20,1
Argentina,3.04.20,1
Armenia,3.04.20,1
Australia,3.04.20,52
Austria,3.04.20,29
Azerbaijan,3.04.20,3
Bahrain,3.04.20,52
Belarus,3.04.20,6
Belgium,3.04.20,23
Bhutan,3.04.20,0
Bosnia and Herzegovina,3.04.20,0
Brazil,3.04.20,4
Cambodia,3.04.20,1
Cameroon,3.04.20,0
Canada,3.04.20,33
Chile,3.04.20,1
Colombia,3.04.20,0
Costa Rica,3.04.20,0
Croatia,3.04.20,10
Czech Republic,3.04.20,8
Denmark,3.04.20,10
Dominican Republic,3.04.20,1
Ecuador,3.04.20,10
Egypt,3.04.20,2
Estonia,3.04.20,2
Faroe Islands,3.04.20,1
Finland,3.04.20,6
France,3.04.20,285
French Guiana,3.04.20,0
Georgia,3.04.20,3
Germany,3.04.20,262
Gibraltar,3.04.20,1
Greece,3.04.20,9
Hong Kong,3.04.20,105
Hungary,3.04.20,2
Iceland,3.04.20,26
India,3.04.20,28
Indonesia,3.04.20,2
Iran,3.04.20,2922
Iraq,3.04.20,35
Ireland,3.04.20,6
Israel,3.04.20,15
Italy,3.04.20,3089
Japan,3.04.20,331
Jordan,3.04.20,1
Kuwait,3.04.20,56
Latvia,3.04.20,1
Lebanon,3.04.20,13
Liechtenstein,3.04.20,1
Lithuania,3.04.20,1
Luxembourg,3.04.20,1
Macau,3.04.20,10
Mainland China,3.04.20,80271
Malaysia,3.04.20,50
Malta,3.04.20,0
Martinique,3.04.20,0
Mexico,3.04.20,5
Monaco,3.04.20,1
Morocco,3.04.20,1
Nepal,3.04.20,1
Netherlands,3.04.20,38
New Zealand,3.04.20,3
Nigeria,3.04.20,1
North Macedonia,3.04.20,1
Norway,3.04.20,56
Oman,3.04.20,15
Others,3.04.20,706
Pakistan,3.04.20,5
Palestine,3.04.20,0
Peru,3.04.20,0
Philippines,3.04.20,3
Poland,3.04.20,1
Portugal,3.04.20,5
Qatar,3.04.20,8
Romania,3.04.20,4
Russia,3.04.20,3
Saint Barthelemy,3.04.20,3
San Marino,3.04.20,16
Saudi Arabia,3.04.20,1
Senegal,3.04.20,4
Serbia,3.04.20,0
Singapore,3.04.20,110
Slovakia,3.04.20,0
Slovenia,3.04.20,0
South Africa,3.04.20,0
South Korea,3.04.20,5621
Spain,3.04.20,222
Sri Lanka,3.04.20,1
Sweden,3.04.20,35
Switzerland,3.04.20,90
Taiwan,3.04.20,42
Thailand,3.04.20,43
Togo,3.04.20,0
Tunisia,3.04.20,1
UK,3.04.20,85
Ukraine,3.04.20,1
United Arab Emirates,3.04.20,27
US,3.04.20,152
Vatican City,3.04.20,0
Vietnam,3.04.20,16
Afghanistan,3.05.20,1
Algeria,3.05.20,12
Andorra,3.05.20,1
Argentina,3.05.20,1
Armenia,3.05.20,1
Australia,3.05.20,55
Austria,3.05.20,41
Azerbaijan,3.05.20,6
Bahrain,3.05.20,55
Belarus,3.05.20,6
Belgium,3.05.20,50
Bhutan,3.05.20,0
Bosnia and Herzegovina,3.05.20,2
Brazil,3.05.20,4
Cambodia,3.05.20,1
Cameroon,3.05.20,0
Canada,3.05.20,37
Chile,3.05.20,4
Colombia,3.05.20,0
Costa Rica,3.05.20,0
Croatia,3.05.20,10
Czech Republic,3.05.20,12
Denmark,3.05.20,10
Dominican Republic,3.05.20,1
Ecuador,3.05.20,13
Egypt,3.05.20,3
Estonia,3.05.20,3
Faroe Islands,3.05.20,1
Finland,3.05.20,12
France,3.05.20,377
French Guiana,3.05.20,0
Georgia,3.05.20,4
Germany,3.05.20,482
Gibraltar,3.05.20,1
Greece,3.05.20,31
Hong Kong,3.05.20,105
Hungary,3.05.20,2
Iceland,3.05.20,34
India,3.05.20,30
Indonesia,3.05.20,2
Iran,3.05.20,3513
Iraq,3.05.20,35
Ireland,3.05.20,6
Israel,3.05.20,16
Italy,3.05.20,3858
Japan,3.05.20,360
Jordan,3.05.20,1
Kuwait,3.05.20,58
Latvia,3.05.20,1
Lebanon,3.05.20,16
Liechtenstein,3.05.20,1
Lithuania,3.05.20,1
Luxembourg,3.05.20,1
Macau,3.05.20,10
Mainland China,3.05.20,80422
Malaysia,3.05.20,50
Malta,3.05.20,0
Martinique,3.05.20,0
Mexico,3.05.20,5
Monaco,3.05.20,1
Morocco,3.05.20,2
Nepal,3.05.20,1
Netherlands,3.05.20,82
New Zealand,3.05.20,3
Nigeria,3.05.20,1
North Macedonia,3.05.20,1
Norway,3.05.20,87
Oman,3.05.20,16
Others,3.05.20,706
Pakistan,3.05.20,5
Palestine,3.05.20,4
Peru,3.05.20,0
Philippines,3.05.20,3
Poland,3.05.20,1
Portugal,3.05.20,8
Qatar,3.05.20,8
Romania,3.05.20,6
Russia,3.05.20,4
Saint Barthelemy,3.05.20,3
San Marino,3.05.20,21
Saudi Arabia,3.05.20,5
Senegal,3.05.20,4
Serbia,3.05.20,0
Singapore,3.05.20,117
Slovakia,3.05.20,0
Slovenia,3.05.20,2
South Africa,3.05.20,1
South Korea,3.05.20,6088
Spain,3.05.20,259
Sri Lanka,3.05.20,1
Sweden,3.05.20,94
Switzerland,3.05.20,114
Taiwan,3.05.20,44
Thailand,3.05.20,47
Togo,3.05.20,0
Tunisia,3.05.20,1
UK,3.05.20,115
Ukraine,3.05.20,1
United Arab Emirates,3.05.20,29
US,3.05.20,220
Vatican City,3.05.20,0
Vietnam,3.05.20,16
Afghanistan,3.06.20,1
Algeria,3.06.20,17
Andorra,3.06.20,1
Argentina,3.06.20,2
Armenia,3.06.20,1
Australia,3.06.20,60
Austria,3.06.20,55
Azerbaijan,3.06.20,6
Bahrain,3.06.20,60
Belarus,3.06.20,6
Belgium,3.06.20,109
Bhutan,3.06.20,1
Bosnia and Herzegovina,3.06.20,2
Brazil,3.06.20,13
Cambodia,3.06.20,1
Cameroon,3.06.20,1
Canada,3.06.20,49
Chile,3.06.20,4
Colombia,3.06.20,1
Costa Rica,3.06.20,1
Croatia,3.06.20,11
Czech Republic,3.06.20,18
Denmark,3.06.20,23
Dominican Republic,3.06.20,2
Ecuador,3.06.20,13
Egypt,3.06.20,15
Estonia,3.06.20,10
Faroe Islands,3.06.20,1
Finland,3.06.20,15
France,3.06.20,653
French Guiana,3.06.20,0
Georgia,3.06.20,4
Germany,3.06.20,670
Gibraltar,3.06.20,1
Greece,3.06.20,45
Hong Kong,3.06.20,107
Hungary,3.06.20,2
Iceland,3.06.20,43
India,3.06.20,31
Indonesia,3.06.20,4
Iran,3.06.20,4747
Iraq,3.06.20,40
Ireland,3.06.20,18
Israel,3.06.20,21
Italy,3.06.20,4636
Japan,3.06.20,420
Jordan,3.06.20,1
Kuwait,3.06.20,58
Latvia,3.06.20,1
Lebanon,3.06.20,22
Liechtenstein,3.06.20,1
Lithuania,3.06.20,1
Luxembourg,3.06.20,2
Macau,3.06.20,10
Mainland China,3.06.20,80573
Malaysia,3.06.20,83
Malta,3.06.20,0
Martinique,3.06.20,0
Mexico,3.06.20,6
Monaco,3.06.20,1
Morocco,3.06.20,2
Nepal,3.06.20,1
Netherlands,3.06.20,128
New Zealand,3.06.20,4
Nigeria,3.06.20,1
North Macedonia,3.06.20,3
Norway,3.06.20,108
Oman,3.06.20,16
Others,3.06.20,696
Pakistan,3.06.20,6
Palestine,3.06.20,16
Peru,3.06.20,1
Philippines,3.06.20,5
Poland,3.06.20,5
Portugal,3.06.20,13
Qatar,3.06.20,8
Romania,3.06.20,9
Russia,3.06.20,13
Saint Barthelemy,3.06.20,3
San Marino,3.06.20,21
Saudi Arabia,3.06.20,5
Senegal,3.06.20,4
Serbia,3.06.20,1
Singapore,3.06.20,130
Slovakia,3.06.20,1
Slovenia,3.06.20,7
South Africa,3.06.20,1
South Korea,3.06.20,6593
Spain,3.06.20,400
Sri Lanka,3.06.20,1
Sweden,3.06.20,101
Switzerland,3.06.20,214
Taiwan,3.06.20,45
Thailand,3.06.20,48
Togo,3.06.20,1
Tunisia,3.06.20,1
UK,3.06.20,163
Ukraine,3.06.20,1
United Arab Emirates,3.06.20,29
US,3.06.20,277
Vatican City,3.06.20,1
Vietnam,3.06.20,16
Afghanistan,3.07.20,1
Algeria,3.07.20,17
Andorra,3.07.20,1
Argentina,3.07.20,8
Armenia,3.07.20,1
Australia,3.07.20,63
Austria,3.07.20,79
Azerbaijan,3.07.20,9
Bahrain,3.07.20,85
Belarus,3.07.20,6
Belgium,3.07.20,169
Bhutan,3.07.20,1
Bosnia and Herzegovina,3.07.20,3
Brazil,3.07.20,13
Cambodia,3.07.20,1
Cameroon,3.07.20,1
Canada,3.07.20,54
Chile,3.07.20,4
Colombia,3.07.20,1
Costa Rica,3.07.20,1
Croatia,3.07.20,12
Czech Republic,3.07.20,19
Denmark,3.07.20,23
Dominican Republic,3.07.20,2
Ecuador,3.07.20,13
Egypt,3.07.20,15
Estonia,3.07.20,10
Faroe Islands,3.07.20,1
Finland,3.07.20,15
France,3.07.20,949
French Guiana,3.07.20,5
Georgia,3.07.20,4
Germany,3.07.20,799
Gibraltar,3.07.20,1
Greece,3.07.20,46
Hong Kong,3.07.20,108
Hungary,3.07.20,4
Iceland,3.07.20,50
India,3.07.20,34
Indonesia,3.07.20,4
Iran,3.07.20,5823
Iraq,3.07.20,54
Ireland,3.07.20,18
Israel,3.07.20,21
Italy,3.07.20,5883
Japan,3.07.20,461
Jordan,3.07.20,1
Kuwait,3.07.20,61
Latvia,3.07.20,1
Lebanon,3.07.20,22
Liechtenstein,3.07.20,1
Lithuania,3.07.20,1
Luxembourg,3.07.20,2
Macau,3.07.20,10
Mainland China,3.07.20,80652
Malaysia,3.07.20,93
Malta,3.07.20,3
Martinique,3.07.20,2
Mexico,3.07.20,6
Monaco,3.07.20,1
Morocco,3.07.20,2
Nepal,3.07.20,1
Netherlands,3.07.20,188
New Zealand,3.07.20,5
Nigeria,3.07.20,1
North Macedonia,3.07.20,3
Norway,3.07.20,147
Oman,3.07.20,16
Others,3.07.20,696
Pakistan,3.07.20,6
Palestine,3.07.20,22
Peru,3.07.20,1
Philippines,3.07.20,6
Poland,3.07.20,5
Portugal,3.07.20,20
Qatar,3.07.20,8
Romania,3.07.20,9
Russia,3.07.20,13
Saint Barthelemy,3.07.20,3
San Marino,3.07.20,23
Saudi Arabia,3.07.20,5
Senegal,3.07.20,4
Serbia,3.07.20,1
Singapore,3.07.20,138
Slovakia,3.07.20,1
Slovenia,3.07.20,7
South Africa,3.07.20,1
South Korea,3.07.20,7041
Spain,3.07.20,500
Sri Lanka,3.07.20,1
Sweden,3.07.20,161
Switzerland,3.07.20,268
Taiwan,3.07.20,45
Thailand,3.07.20,50
Togo,3.07.20,1
Tunisia,3.07.20,1
UK,3.07.20,206
Ukraine,3.07.20,1
United Arab Emirates,3.07.20,45
US,3.07.20,417
Vatican City,3.07.20,1
Vietnam,3.07.20,18